/*
Navicat MySQL Data Transfer

Source Server         : 127.0.0.1
Source Server Version : 50636
Source Host           : localhost:3306
Source Database       : janebook

Target Server Type    : MYSQL
Target Server Version : 50636
File Encoding         : 65001

Date: 2017-10-12 17:39:29
*/

SET FOREIGN_KEY_CHECKS=0;

-- ----------------------------
-- Table structure for `t_article`
-- ----------------------------
DROP TABLE IF EXISTS `t_article`;
CREATE TABLE `t_article` (
  `id` int(11) NOT NULL AUTO_INCREMENT COMMENT '文章id',
  `title` varchar(50) DEFAULT NULL COMMENT '文章标题',
  `content` varchar(21000) DEFAULT NULL COMMENT '文章内容',
  `hot` int(11) DEFAULT NULL COMMENT '热度',
  `author_name` varchar(11) DEFAULT NULL COMMENT '作者名字',
  `browse` int(11) DEFAULT NULL COMMENT '浏览数',
  `collection` int(11) DEFAULT NULL COMMENT '收藏数',
  `tag` varchar(50) DEFAULT NULL COMMENT '标签',
  `classify_id` int(50) DEFAULT NULL COMMENT '类别id',
  `create_time` datetime DEFAULT NULL COMMENT '创建时间',
  `word_num` int(11) DEFAULT NULL COMMENT '文章字数',
  `reward` int(11) DEFAULT NULL COMMENT '打赏人数',
  `img` varchar(255) DEFAULT NULL COMMENT '文章图片',
  `is_release` int(1) DEFAULT NULL COMMENT '是否发布',
  `is_drop` int(1) DEFAULT NULL COMMENT '是否丢弃',
  PRIMARY KEY (`id`),
  KEY `classify_id` (`classify_id`)
) ENGINE=InnoDB AUTO_INCREMENT=20 DEFAULT CHARSET=utf8 COMMENT='文章表';

-- ----------------------------
-- Records of t_article
-- ----------------------------
INSERT INTO `t_article` VALUES ('1', '四年的异国恋，我们没有输给时差与距离', '<p>你说从你在小学见我的第一面时，你便认定了，我就是你这辈子要共度一生的女孩。于是，你央求班主任老师将我安排在你的旁边，与你同桌。当时的班主任老师，因为受了你那远在香港的父母之托，答应会好好关照你。所以，对于你提出的要求，她二话没说就答应了。<br></p><div><div>\n<p>可是，我却无论如何也不曾记得自己与你同桌的那段时光。或许是因为我是一名转校生的缘故吧，所以，在一开始的那半年里，我几乎不记得自己曾与班上的什么同学，有过怎样的交流。我的拘谨，我的惶恐，我的不知所措，令我在初来乍到的那半年里，几乎将自己完全封闭在了一个人的狭小空间里。</p>\n<p>当我意识到班里有一个那样特别的你的时候，你却早已不再是我的同桌了。此时的我，也渐渐开始拥有了自己的小伙伴，而我在这个新的班集体里，也慢慢变得怡然自得起来。但我却没有发现，其实自己是深陷险境的，如果不是多年后你的告知。原来，在那个时候，我曾被班上的某些人打算要孤立。而当那些人逼迫你选择站边时，你毫不犹豫地选择了我。也正因为此，你被那帮人暴打了一顿。只是，幸好，那帮人不过是一群女生而已。</p>\n<p>那时候，浑然不知情的我，只知道你隐约对我好像有些什么特殊的情感。于是，在临近毕业的前夕，我走到你身边，劈头盖脸地直接问你，是否喜欢我。只见你涨红了双颊，支支吾吾地顾左右而言他。我由于恼羞成怒，便恶狠狠地对你丢下一句——“我不是你的玩偶，不是你想要就要，你想扔就扔！”之后，便愤然离去。其实，那个时候的我，明明自己与另外两个男生走得很近，他们其中一个是在追我的好朋友，另一个是在追我。</p>\n<p>在与你不欢而散后，我们就没怎么再见面了。在没有你的日子里，我终于体会到什么叫做被人孤立，此时在我身边，少了那个在暗中默默保护着我的你。还好，那度日如年的日子，在与你重遇之后就结束了。可不凑巧的是，那个时候的你身边有她，而我的身边也有他。就连你我偶尔的对话，也不知道为何，却也总是夹枪带棒地互相攻击。最终，你去英国读书的事情，我也是在你离开后的几个月，从旁人的口里得知的。这一次的你，选择的是不告而别。</p>\n<p>因为，我们已经分别了很久很久。</p>\n<p>2<br>\n在你离开的那段时间里，我经历了被年级级长老师视为眼中钉的各种攻击。随后，在我进入大学没多久，却又因各种原因重新经历了一次自我的封闭。当我在大二的时候，更是经历了母亲由于中风时的药物过敏，而差一点的撒手人寰。紧接着，便是我家中因此的各种变故，以及我自己的各种自讨苦吃。</p>\n<p>现在想来，或许我所经历的这一切都是老天爷的刻意安排吧。因为，他希望我能了解到，如果没有你在我身边的时候，我将会受到怎样的苦不堪言。毕竟，他老人家是知道我的，我向来是一个性子极为刚烈的女生，不仅如此，我也一直误以为自己是一头百兽之王的老虎，殊不知，我不过是一只发怒的小猫而已。此外，就连我一直以为自己所拥有一匹随时能够带我逃离痛苦的骏马，也不过是我小时候自己常玩耍的一个牵线小木马而已。</p>\n<p>可是，就在我还没有完全悟得老天爷的旨意时，你我却在一次机缘巧合中再一次的相逢了。当你看到多年后的那个我的时候，你吓了一跳。你不敢相信眼前中的我，是那个在你印象中发扬跋扈、不可一世的我。你只觉得眼前的这个我，是不是刚刚大病初愈，又或是正在遭遇着什么人生不幸。否则，你不相信一个人怎么可以憔悴到如此的不见人形了。而对于自己当时的那个状况，我依然是后知后觉。毕竟，那时的我深以为，自己将心中的各种苦闷，掩饰得堪比为是天衣无缝。只因我身边没有任何人，曾发现我有任何的异样。没有任何人！</p>\n<p>在你我的彼此言谈之中，我了解到，此时的你似乎不愿意再步入任何的一段情感之中，尤其是异地恋。毕竟在你看来，异地恋的结局往往都是以美好作为开始，却以狗血作为收场。但我却不那样以为。只因我深谙，自己如果再一次的与你错过的话，那么恐怕今生我只能是孤老终生，而即便我在日后觅得伴侣，却也或许不过是在郁郁寡欢中度过自己的余生。</p>\n<p>于是我下定决心，无论如何也要改写当年你我在小学毕业前的那番对话。即便再过一个礼拜，你就要返回英国，但我决不允许自己像当年那样，再一次轻易地放手，让你离去。</p>\n<p>3<br>\n就这样，在我的见招拆招，与你的无计可施之下，我们终于走到了一起。但没多久，我们便也开始了这一场跨越国界的异地恋。由于各种原因，你没有办法经常回来看我，而我当时也因为进入自己研究的关键时期，所以也没有空闲去英国找你。但我唯一可以为你做的，便是把自己的时间调整到尽量与你同步的状态。于是，我每天凌晨四点以后睡觉，中午十二点左右起床做自己的研究或是见导师，只为了在傍晚时分，与你共进我那一天中唯一的关键一餐——我的晚餐，与你的早餐。</p>\n<p>每次晚餐过后，便又是你我的各自忙碌。你忙你的工作，我忙我的研究，而到了夜深人静的时候，便又是我俩的通话时分，直到你将那个常常失眠的我哄入梦乡。当然，你也还是有回来看望我的时候，只是工作狂的我，却也总把那个特意回来看我的你晾在一旁，然后继续我自己的各种忙碌。但你似乎却也从未抱怨过。以至于，对于你的每次到访，我最难以忘怀的，不是相聚时去了什么地方，而是每一次接送你的路程。只因那两段路程中，总有一程，是需要我独自一人去经历的，而我在这两段孤独路上的心情，也更是截然相反。</p>\n<p>每一次去接你的时候，我通常都是在一夜兴奋得难以入眠的状况下，带着自己雀跃无比的心情，欣欣然而前往的。因为我知道，在这一段的孤独后，我便会拥有有你陪伴的幸福了。只是，你我相聚的时光通常都是极为的短暂，有时候是两个礼拜，有时候是一个礼拜，更有时候不过是几天而已。哪怕这样，我却往往还是那么的不珍惜。而这一切也不是没有报应的。</p>\n<p>因为每一次在送你的时候，我才意识到自己对你是那样的依依不舍，以至于在那段路程上，我都是把头深深埋在你的怀里，把手紧紧拽着你的衣袖。每一次我都答应你，自己在送你的时候，不会哭泣。可是，每当我站在香港机场海关入闸口的时候，我的眼泪便如那决堤的洪水般，止不住地流下来。此时的你，便会把我深深揽入怀中。你曾告诉我说，你不会哭，只因你的眼泪，全部都流在了心里。你还说过，你必须坚强，只有这样你才能将我的眼泪，统统留在自己的心间。</p>\n<p>然而，无论我们多么的不舍，但最终你还是要一个人回去英国，而我也必须要一个人回到宿舍。只是，在看着你的背影渐渐消失在冰冷的人群中之后，我也觉得自己的灵魂却随着你一同离去了。此时的我，更是任由自己的泪水在脸上恣意地流下，我也根本不在乎旁人向我投来怎样异样的眼光。我拖着自己那犹如空壳似的身躯，机械般地上车、下车，走路，搭电梯，回宿舍。</p>\n<p>就在我掏出钥匙的一霎那，我才又再一次感受到你的离开。而原本那条两个人一起走过的长廊上，如今却只剩下一盏昏暗的灯光，照着那个孤身一人的我。</p>\n<p>4<br>\n如此这般的经历，在你我的每一次重逢与分别上，不停地反复上演着。每一次，你我的心都在分离中被撕裂。而直到重逢时，你我被撕裂的心才能得以真正的愈合。只是没多久，它们却又要在分别中，再一次被狠狠地撕裂开来。就这样，我们度过了一年又一年，一个又一个，异地的纪念日，异地的情人节，异地的圣诞节，以及各种异地的、没有彼此在身旁陪伴的，无论是开心的，还是伤心的每一个日子。</p>\n<p>曾记得，你从英国带给我一盒巧克力，但我始终不舍得将它们吃掉。最终当我在打开时，却发现那些巧克力的头上都戴了一顶毛帽子。而我送你的幸运星与招财小贱猫，虽是不能吃，但却也在你想我的时候，成为了安抚你痛苦与无助时的精神食粮。</p>\n<p>那看似不长的四年里，我们共处了不到三个月的时间，相聚了也不过是匆匆的十次。但我们最终还是坚持下来了。是的，我们没有输给时差与距离。而今年，更是我们在一起的第十个年头。是的，我们必须承认，你我是幸运的。毕竟，这么多年过去了，你我依然拥有着彼此的爱情，也拥有着彼此的陪伴。或许也正因为此，所以岁月在你我这里，依旧犹如初识般的那样静好。</p>\n<p>谢谢你没有放弃，更庆幸我等到了你！</p></div><br><br><br></div><!--EndFragment-->', '1', '怀左同学', '461', '22', '连载小说', '1', '2017-09-28 09:15:38', '3292', '3', './images/article/1.jpg', null, null);
INSERT INTO `t_article` VALUES ('2', '我们每个人，都在寻找安全感——读《自卑与超越》', '<p><!--StartFragment--><!--EndFragment--></p><div><div><p>文/怀左同学<br></p><p>01</p><p>我很早就听说过阿德勒的《自卑与超越》了，拖拖拉拉，最近才买来读。</p><p>阿德勒是个体心理学的先驱，这本书，是他的代表作。在书中，他强调<b>社会感</b>，告诉我们如何认识、超越自卑，最后落脚于人的优越和完善。</p><p>其实用一句话来概括就是：<b>人可以通过自己的努力，改变自己的命运</b>。</p><p>听起来有鸡汤的感觉，但了解阿德勒的人都知道，他的人生，其实就是一部活生生的逆袭史。他幼时体弱多病，早期记忆里充满了疾病和医疗印象，个子不高，长相普通，后来通过个人努力考上了维也纳大学的医学博士，最终创立个体心理学。</p><p>这本书我前后看了两遍，其实很多道理也明白，于是我在读的时候，联系了很多生活实际，一结合，就觉得受益无穷。</p><p>阿德勒的很多话，对我们的生活，都有很多启示作用。</p><p>他说，<b>生命的每一个阶段都是有特定意义的，在人生的每一个阶段，我们应该发现什么东西，应该赋予这个阶段什么意义，以及我们应该采取怎样的应对方式，这是我们应该考虑的问题。</b></p><p>他说，<b>每个人天生都有种不安全感，每个人都在试图寻找一种安全感，从而更好地保护自己。</b></p><p>他还说，<b>我们的教育太注重个人成功，因而忽略个人能为社会带来什么。</b></p><p>他努力走出了精神分析，走出自我，看重社会，实现超越。</p><p><br></p><p>02</p><p>阿德勒提出了人生的三大任务，所以全书的重点部分，大多围绕这三大部分展开。</p><p>职业、人际关系、婚姻，他说，<b>生命的意义，完全取决于我们对人生三大任务的解决程度。</b></p><p>从这三大任务我们可以看出，他重视社会感，认为生命的意义在于奉献，在于对他人感兴趣，在于相互合作。</p><p>当然，这里也要指出，<b>他强调社会性，并不是泯灭个性，我们的价值分个人价值和社会价值，而社会价值的实现，有利于更好地实现个人价值</b>。</p><p>为什么呢？因为一个人在期望为社会作更大贡献时，为了实现这个目标，就会相应地调整和发展自己，并且要制订相关的学习计划，从而提高和完善自己。如此看来，一个人的个性在健康的方向上会有长足的发展和进步。</p><p>同时，阿德勒重视童年经验，认为一个人在童年时期形成的生活方式，便成为他日后相应行为的重要原因。经历、家庭、环境等等这些因素，会对我们的成长，产生很大的影响。</p><p>在书中，他列出了三种不太好的童年经历。第一，有身体缺陷，会导致自卑；第二，骄纵无度，这样的孩子容易形成只知道索取，不知道付出的习惯，以个人为中心；第三，被忽视，这样的孩子不知道爱与合作为何物。</p><p>但他也指出，一个人最后能走出什么样的路，还得靠自己。<b>我们绝不会被自己的经历限制，只会决定于我们所赋予这些经历的意义。</b></p><p><br></p><p>03</p><p>在提到自卑感与超越感时，我非常喜欢他对自卑情结的定义——<b>自卑情结，是指一个人面对问题时无所适从的表现。</b></p><p><b></b></p><p><b>其实我们每个人都有某种程度的自卑，因为每个人都无法生活在绝对满意的环境里，在这种相互比较中，就会产生相对的自卑感。</b></p><p>而为了摆脱自卑感，我们便会寻求变化与超越，在这里，阿德勒重点强调的是个人奋斗，自卑本身没有对错，如果我们辩证看待，它甚至可以成为我们前进的动力。</p><p>这让我想起了歌德笔下的少年维特，最后忧郁自杀的行为，令人惋惜，也让我想起了《红与黑》中的于连，他就是自卑与超越的典型代表。</p><p>每个人都会自卑，但每个人，都有超越的选择和机会。</p><p>对未来，我们会迷茫，会有抓不住的感觉，但阿德勒指出，<b>生命的乐趣正是因为存在诸多不确定。所以，我们活着，便是不断地把这些不确定的事情变得确定。</b>任何结果，经由一定过程得来，才变得有意义，否则，便会让人觉得淡然无味。</p><p>想来，这真是一本积极乐观的书，他给了我们一种带着阳光的视角，让我们去平视生活的种种不如意。</p><p><br></p><p>04</p><p>其实书里还讲了很多问题，家庭、学校、职场、婚姻等等，对各种场景的分析，都可以指导我们的具体生活。</p><p>关于婚姻，我觉得他的观点非常有意义，他指出，<b>合作是婚姻的首要前提条件，而婚姻的保鲜剂，在于奉献。</b></p><p>爱情是需要经营的，其实婚姻只是爱情的起点，之后的路还有很长，要尊重、要包容，要不断地付出时间和感情。<b>而很多人婚姻失败的原因，就是错把进行时当成完成时，付出越来越少，索取越来越多</b>。</p><p>要明白付出，不要一味索取。</p><p>合上书，书中重要的几点，仿佛还在眼前。</p><p>第一，要重视我们和社会的联系，认真处理好职业、人际关系、和婚姻三大问题。</p><p>第二，每个人都有或多或少的自卑情结，这也是我们向上的动力，我们要努力通过自我奋斗，实现超越。</p><p>第三，社会价值决定个人价值，多付出，少一些功利心，我们会比现在走得更远。</p><p>共勉。</p><p>如果大家对这本书感兴趣，可以自己看一看。</p></div><br></div>', '2', '奇奇漫悦读', '1482', '122', '城市故事', '2', '2017-09-22 09:18:57', '2113', '4', './images/article/2.jpg', null, null);
INSERT INTO `t_article` VALUES ('3', '只能陪你到这里', '<p><!--StartFragment--><!--EndFragment--></p><div><p>1﻿<br><br>我是极不愿意去车站送别的，受不了那离别的气氛，如秋风吹落叶簌簌荒凉寂寥，好像随时催发泪腺。然而弟客居他乡，中秋短暂的相聚之后面临着长久的分别，不得不送弟弟到车站。﻿<br><br>一路无语，从反光镜中看，弟弟脸色凝重，母亲伤感的叹息沉重冗长，就连一向活泼的侄女墩墩，也一改往日明朗，打蔫地靠在弟弟身边。﻿<br><br>车很快到达动车站，母亲叮嘱的话说了一遍又一遍，最后看看时间差不多了才说：行了，进去吧，只能陪你到这里！﻿<br><br>弟弟拉着行李箱，牵着女儿的手，抛给我们一个背影。过了闸口，那背影在楼梯处渐渐矮下去，最终被高大的广告牌遮住了。我拍拍母亲的背：“走吧，我们也回吧！”﻿<br><br>母亲还在牵念，还在眷恋，她一步三回头。我知道她是希望弟弟回瞥一眼，然熙熙攘攘的人群，难觅那熟悉的背影。红尘在翻滚，热闹是别人的。我想。弟弟离开，母亲的心忽似枯井暮气沉沉，精气神仿佛被轰隆隆的动车碾压了过去，扁了一半。﻿<br><br>母亲走在我前面，她彷徨的背影，像一只迷途的老鸟，忧郁的翅膀找不到飞翔的航向。她仿佛老了十岁，虽然衣着还光鲜，但那光鲜已被离别压得灰不溜秋。﻿<br><br>走吧，回去吧。我拉住母亲的手，曾经温润的手不知何时布满核桃般皱褶，粗糙的纹理咯得我心酸：母亲老了，经不起一次次离别了。﻿<br><br>谁让你们小时候经常离开我们，现在这滋味不好受吧。我说。﻿<br><br>母亲讪讪地笑。<br><br>小时候，父母在外地经商，一年只有正月回家团聚六天，初五是一定要离开家乡的。离别的场景总是跟喜庆的春节氛围格格不入。﻿<br><br>弟弟像块粘性十足的膏药贴在母亲大腿上，无论祖母怎样撕都撕不下来，哭喊声震天动地。后来祖母在邻居的帮助下好不容易扯下弟弟，母亲仓皇而逃。弟弟的心像被扯开一个口子，泛着淋淋的血水，扒着窗户喊“妈妈”。母亲颤抖着身子，手背悄悄拭泪，急急走出道坦，转过桥头，淡出了视线。弟弟推开众人，跑向后窗，向着母亲离去的方向哭喊，声音被新年的爆竹掩盖，声嘶力竭的挽留全落进了我的心里，如滂沱大雨淋湿了我整个童年。﻿<br><br>只能陪到这里----六天，是父母陪我们的时间界限。<br><br>一晃童年过去了，少年过去，青春也过去了大半……需要陪伴的人物翻了个，变成了日益沧老的母亲。凑巧的是弟弟过年陪母亲的日子不多不少，正好六天。<br><br>轮回，就这样不期而遇。那头漂染过的青丝中，落了一瓣小小的寂寞。<br><br>2﻿<br><br>长大后，我分在了城关工作，每逢周末，总是回老家陪祖母一起过。返回单位时，祖母总是一路相送到车站，行在一座座小桥，一个个河埠头把生活虚化成背景。我的手指轻轻滑过林家的竹篱笆，鲜红艳丽的鸡冠花在风中摇曳，咯咯咯的母鸡从竹篱笆窜出，旁若无人的当道觅食，留下一堆冒着气泡的鸡屎。祖母笑骂着母鸡的不合时宜，一路提醒我避开一堆堆“地雷”。﻿<br><br>后来祖母生病了，我独自悄无声息地走在越来越冷清的回乡小路，林家的鸡冠花早已不知所踪，码头上已不见停靠的舴艋舟。我知道祖母有一天也会如这消失的舴艋舟一样零落无踪，独留残破的记忆给我。﻿<br><br>祖母知道我的脆弱，熬到我成家立业，熬到我生命中有了自己的孩子，熬到我有足够强大的内心面对死亡，她才沉眠南山。﻿<br><br>我送她最后一程，走过熟悉的一线天街，走过铺满水葫芦的轮船埠头，走过虔诚守岁的庙宇，走过恩怨，走过悲喜，走向虚无的空间里。唢呐很悲，凄惨声中棺木被推进了洞穴，主持丧事的帮工开始封龙门。﻿<br><br>我和祖母之间只隔了一道门，这道门她迈不出去，我亦不能迈进来。﻿我只能陪她到这里。细雨织满了天空，一滴从脸颊上滑下的水，打痛了所有的记忆，那些模糊而清晰的爱的细节在眼前呼啸而过。<br><br>送君千里，终须一别，一别无归期。﻿<br><br>驿站。码头。车站。机场。天下伤心处，劳劳送客亭。我们是送的客，我们是离的人。所有的相聚都是久别重逢；所有的离别都是此去经年，望断天涯路。﻿<br><br>没有人能陪你一辈子，即使亲若父母子女，亦只能陪你走一阵子。<br><br>抽不完的青枝，折不完的柳条，陌上花开，生命列车远驰，靠站时，总有人离开，也有人进来。离开的是我们的先人，进来的是我们的后人。在一场场断舍离中，如有下一个相聚可期，请好好把握，那是漏进生命的一缕微光！<br><br><br></p></div>', '3', '金春妙', '2130', '51', '谈写作', '3', '2017-09-11 09:21:01', '435', '5', './images/article/3.jpg', null, null);
INSERT INTO `t_article` VALUES ('4', '京东战略投资负责人常斌：线下的生意是做加法而非乘法 |捕手志', '<p><!--StartFragment--><!--EndFragment--></p><div><p>■按：<br><br>26岁投资京东，33岁成为京东投资背后的操盘手，常斌先生见证了京东过去10年的迅猛成长。前段时间，捕Sir受邀参加GGV纪源资本主办的「2017 Evolving Lifestyle生活变革大会」，聆听了常斌先生分享了他对于零售行业深刻的见解，深受启发。<br><br>按照常斌先生的理解，每一次消费时代的变革无不是利用技术进行推动；每一次的革命，想成为最后的赢家，一定是在成本效率，还有用户体验上实现了巨大的突破。所以无论零售业态怎么改革，最终衡量的标准依然是成本、效率和用户体验。常斌先生还表示过去十年电商有非常大的发展，是因为线上生意是做乘法，相对比线下生意是做加法。希望常斌先生的分享也能给你带来启发。<br><br>京东的笃信<br><br><br>我自己很幸运，2006年入行就在今日资本做投资，第一个投资案例就是和徐总（徐新）参与了京东的投资。当时京东的交易额只有1亿元，到现在GMV接近1万亿，变成一个600亿美金的公司，这是过去十年发生的事情。<br><br>我们认为今年是中国新一代整个消费生态崛起的年份，接下去的十年会迎来零售新一代的变革。从今年开始，所有与消费有关的一下变成了风口，大佬们要么讲新零售、要么讲第四次消费革命，不管是什么，总之大家都想说一件事情，就是这次又是一个革命。<br><br>上世纪90年代开始，电子商务开始普及。由于不受物理空间限制，商品的选择范围急剧扩大，使消费者拥有更多选择。电商颠覆了传统多级分销体系，降低了分销成本，使商品价格进一步下降。<br><br>可以看到，从百货商店、连锁商店、超级市场，再到电子商务，零售历史的发展无疑不是技术的驱动，比如沃尔玛，率先引入了信息连接方式，率先建立了中央仓储和中央供应链物流，所以就能够实现沃尔玛的高速发展。<br><br>在沃尔玛的时代，之前有一个零售霸主叫Kmart，当时是沃尔玛的40倍。但是在短短的4年之内，当沃尔玛掌握了信息技术以后就已经超过了Kmart。而到了一个新的时代，我们看到亚马逊对沃尔玛的超越，是因为亚马逊提供了无线货架，互联网的技术给了亚马逊一个更好的连接用户的机会。<br><br>然后也是供应链的升级，从之前最早的是商品为王，当整个稀缺的时候，你能做出什么商品，你就是最牛的零售商。到后来，渠道变得有非常强大的影响力。<br><br>大家觉得今天沃尔玛、宝洁很厉害，其实沃尔玛和宝洁是相生相伴的，它们俩其实是一个故事，你有好的渠道、产品，最后就互相成就一代霸王。<br><br>但到了亚马逊时代，从原来的「货、场、人」这样的形态，真的变成了「人、货、场」。所以，我们说才第一次出现了像亚马逊这样的「以消费者为中心」的格局。基础设施和供应链整个变化和升级，才能形成零售的变革。<br><br>在京东有一个是我们特别笃信的，无论业态怎么演变和往前发展，有一个标准是不变的，因为在零售里的成本、效率和用户体验是衡量所有变革最终极的标准。<br><br>你可以看一下，之前每一轮的变革，在沃尔玛出现之前，百货业的毛利一直在40%-50%以上，沃尔玛成功的把这个推进到了20%，这意味着效率的大幅提升和成本的大幅下降。而电商对线下又是一次进一步的成本下降和效率提升，我可以举一个例子。<br><br>比如说京东，京东目前做到的费用率是10%出头，这个是在全球所有的零售商放在一起依然还能排到非常靠前，基本是最低的水平，而且从周转率上，我们从效率的角度，传统的零售商大致需要60天、90天甚至100多天去周转，而京东在这么大体量里，存货的周转率大致在40-50天的水平。<br><br>每一次的革命，想成为最后的赢家，一定是在成本效率，还有用户体验上得到巨大的突破。京东在700个城市做到了当日达和次日达，这是一个新的全球性标志。<br><br>零售新业态<br><br>过去十年是电商的十年。阿里、京东这样的生态和一些垂直零售商大量的崛起，是一个线上对线下的替代。<br><br>在1997年的时候，只是有美国亚马逊，2007年的中国各种基础设施都非常缺，支付没有，物流也没有，平台也不是很好，供应链也不行。所以，当时京东、阿里等都能各展所长，做了一系列的基础设施，<br><br>建立起平台，建立起物流体系，建立起高效的支付体系、信用体系，所以才有了过去十年电商的发展。但是，又过了十年，到今天这个时点上，原来为这些电商所独有的能力正在不断的下降，电商原来拥有的飞机大炮一样的能力，正在被迅速地基础设施化和民主化，大家获取越来越容易。<br><br>就像「云」，使用它的成本已经越来越低，而且不再是几家大平台所独有的。今天所有的人都可以使用「云」，这个背景就会形成新一代零售革命的根本动力。我们说，电商的能力不稀奇了，但是我们同时看到前段时间京东和阿里相继公布了自己的财报，在这么大的体量上，两家平台分别增长了40%-50%，而其它的电商平台其实日子过得都不好。<br><br>你想想这个道理非常有意思，过去3-5年你和投资人说自己是做电商的，投资人会赶紧看看。然后你说是一个线下开店的，投资人就会说你这个生意太不性感了，我们是电商时代，对线下不感兴趣。<br><br>而现在正相反。我相信，今年创业者再和投资人说自己是电商，投资人会和你说，对不起，已经不看电商了。如果你给别人说在线下搞了一个店，而且是无人的，我估计有50个VC来找你。而且，把这个讲得越性感，说你的无人店有各种科技，来找你的人就更多。<br><br>电商的第二个十年已经不只是一个模式、销售渠道，更是一个基础设施。因为，今天像京东、阿里这样的平台正在把自己的交易平台、管理平台、支付平台、支付工具、营销工具、履约工具，大幅地开放出来，比如京东就把自己的物流、供应链开放出来，为曾经认为自己是竞争对手的人提供服务。<br><br>如果今天唯品会要用京东物流，可以用，就像今天线下零售商会用支付宝、微信支付。本质的动力是什么？原来线上、线下的竞争主要是商品差异化、争夺流量。但面向未来的时候，这个格局已经是像京东、阿里这样的平台向全社会提供类似水电煤一样的电商基础服务，大家在这个基础上做差异化竞争，来完成新一代的零售和消费业态的演进。<br><br>不管你讲新零售还是第四次消费革命，本质上就是原来做线下开店的人，用线上先进生产力来改造线下的基础设施，更本质上地把成本降下去，把效率提上来。<br><br>我们今天有很多互联网人觉得，线上没有流量了、线上的流量太贵了，所以想到线下开店。我建议大家所有人先理解一下，之前线下的人为什么那么苦，为什么原来你不愿意做线下的生意？很简单，原来是你开一个店，不管你怎么变，房租每年涨5%-10%，所有的人工涨5%-10%。<br><br>我们测算过，对于很多主要的品类，这个店什么都不干，每年同店要增长4%，才能把所有的增长打平。稍懂一点儿线下零售的就知道，增长4%同店是什么意思。<br><br>而且，增长同店的时候无非有几个办法：要么增长你的客流，要么增长他的购买频次，要么增长他的客单价。但是，在过去电商对这个替代越来越多的时候，进店是更少的。所以，你千万不要觉得线下是那么美好。<br><br>我们提的是：线下是陆军，线上是空军，空军最大的好处是直接可以进行密集轰炸，可以覆盖，这是最好的。但是线下，你可以做一些精准的服务，如今在零售里没有空军的陆军，和之前没有什么区别，也不会获得新一代的核心竞争力。<br><br>所以，新一代的业态一定是空陆一体化的，无论你在哪个领域创业，即使你把陆军做到100分，依然要去找谁是你的空军，你如何在天上有人、有杠杆，才能做出新的业态。<br><br>线上的本质是巨大的工具。线下不是说重返线下了，流量便宜了你的生意就会成功吗？坦率地说，我们今天如火如荼以线下为主的创业，以我的经验超过95%甚至99%最终都会失败的，而只有那些真正整合了空陆一体化的才会形成新的模式。<br><br>乘法与加法<br><br>最后，我再从投资的角度分析，我们该如何看待现在的很多热潮：<br><br>第一个热潮，有些投资人一说新零售，直接就是线上不投了，全部开始投线下。然后，还在沿用原来VC的逻辑，这个团队是哪儿出来的，这个单店的模型是很好的，估值就已经到5千万甚至1亿美金。但是，我认为零售在线下是没有网络效应的，而如果说VC之前的受益靠投资具有网络效应的生意，那么今天线下的生意不会给你这样的优势。<br><br>VC大量的工作就是，一个产品下去，只要验证对了，烧钱够了，自然而然增长十倍、百倍，而线下所有的东西全部是加法，没有乘法，没有幂次方，而且它的Up Side没有大家想得那么大。我相信，我很多早期的同行在未来两年里，如果在这个地方把握不好，就会吃很多苦头。<br><br>第二个热潮，线上非常容易做1到10，10到100，100到1000 的放大，线下一个店全是加法，甚至不是1+1+1+1，更多情况下是个性化的，是1+0.8，1+1.4-0.6-0.4，全是加法，加法没有乘法那么性感。所以，接下来线下更重要的是运营的能力。<br><br>大家非常热衷于今天说中国也会有Costa、7-11这些业态，我们非常相信这一点，但是如何有？如何在构建？我们认为如果在消费领域想做这种未来很大的零售领域，就和打牌一样，没有两个王和四个2，很多是很难的。<br><br>第三个热潮，我们相信中国会涌现出一系列新的品牌，出来的新品牌就像小朋友一样，互联网大致都在和同年级的学生在竞争，比如今天我们都做无人货架。然而今天想做一个奶制品，就是在和成年人竞争，到底有多大胜算？品牌的形势发生着显著的变化。<br><br>也有很多人做基础设施的建设，最近我们看到了很多创业项目和投资，这个供应链不行，我们重新做一个供应链；我要改变物流；我要改变商品结构；但是最后大家发现，投入了几亿美金达到了一个中等经销商的水平。以及今天我们看到的大量是2B模式。<br><br>第四个热潮，我们觉得在资本形态上，坦率地讲，大部分情况下， VC不是投消费最好的形态。这件事情对创业者和投资人是一样重要的，对于这个没有网络效应的模式，说白了回报率的要求更低，但是对资本量的要求却更大。<br><br>所以这个时候我们相信越来越多的成长型资本和PE能有更大的作用，而不是 VC。重要的是赋能，而不是我只是有钱。因为对于很多大事来说，初始的1000万美金甚至2000万美金，对于你要做的大事来说是毛毛雨。<br><br>零售变革的道路是光明的，但也是曲折和漫长的。以我过去投资的京东为例，从1亿人民币销售的小公司，变成1万亿的交易平台，这样一个万倍增长的趋势。而今天我们可能又一次站在了一个新一代零售革命的门口，这是我们共同的机会。<br><br></p></div>', '5', '捕手志', '672', '70', '微小说', '4', '2017-09-17 09:22:32', '672', '46', './images/article/4.jpg', null, null);
INSERT INTO `t_article` VALUES ('5', '《那年花开月正圆》中的几场商战，你看懂了吗？（3）', '<p><!--StartFragment--><!--EndFragment--></p><div><p>三、周莹VS沈四海<br><br>周莹是一个爱憎分明的女强人，她虽然跟沈家二少爷有着说不清的爱恨纠缠，但是她对沈四海可以说是恨之入骨，因为沈四海就是在军需一案中作伪证直接导致周莹公公吴蔚文惨死狱中。而沈四海也非常不满意自己的二儿子沈星移跟吴家的寡妇纠缠不清，加上他一直以为自己的大儿子沈月生是被吴家人所杀害，所以对于吴家所有人也是恨得咬牙切齿。<br><br>在前期，周莹和沈家的斗争主要集中在周莹和沈星移之间的小打小闹，在本系列第（1）集已经介绍，而在后期，沈四海和杜明礼则屡次使用阴招陷害周莹，周莹也开始跟沈四海正面交锋，直至将其斗垮。<br><br>1、团队管理的差异。周莹爱好做生意，为了把生意做大可以充分让利给自己的团队，曾经为了购买机器织布局的股份但是没有足够的现银，她搞起了全员持股的政策，家里的掌柜、小厮、丫鬟等等角色都可以购买吴家各种产业的股份，盈利都就能得到可观的分红。此举不仅解决了现金流的问题，还充分调动了所有人工作的积极性。所有人都有了主人翁的意识，为了获得分红，拼命拉客，不再是被动工作，而是主动出击，并且充分利用任何推销吴家产品的机会。<br><br>比如看到来买布的客商货车没装满，就主动搭售茶砖和药材。如此一来，吴家上上下下所有人都是经营者，又是利益分享者，形成了良性循环。结果就是直接导致沈家的各个商号客源锐减，甚至有掌柜想跳槽到吴家。<br><br>2、茶砖之战。吴沈两家都卖茶，周莹的经营思路是尽量放弃短期利益，更多追求长期利益，并且尽可能的让利给合作伙伴，从而扩大市场。但是沈家的经营理念则是每一笔买卖都要保证自己家赚上足够的钱，并且依仗自己有充足的货源就有点仗势欺人，所以跟他们拿货的分销商其实非常有怨气。<br><br>最开始两家也是比拼价格，最终周莹胜出赢得了蒙古客商的订单和长达5年的合同，但是沈家使出了阴招，故意使诈让吴家装满茶砖的货船进水，结果让所有茶砖浸水发霉。原本茶砖给水泡了是无法按期交货的，蒙古客商只能转投沈家，但是沈家此时以为自己垄断了茶市，所以直接坐地起价，还提出各种苛刻的条件。<br><br>但是幸运的是因为偶然的机会，周莹发现茶砖泡水后变成了乌龙茶，味道反而更醇厚，于是她迅速将本来要丢弃的泾阳茯茶茶砖重新包装成了一个新品牌叫金花茯茶。并且找来一群丫鬟穿上制服推销新茶，让客商品尝。于是那些原本在沈家受气的客商们再次纷纷转投吴家，买走了所有的茶砖，此举让沈家损失惨重。<br><br>3、钱庄之战。沈四海在王爷的资助和各种资源支持下在几个大城市开了好几个日昌和钱庄，有钱庄揽储，相当于有个银行撑腰，可以方便融资，那么就有足够的资金来扩大生产和相关业务，从而能更好的占领市场。此举对吴家的威胁非常大，周莹应对此举的措施是打信息战。古代不像现代，通讯发达，有互联网朋友圈，一部手机知晓天下事，最快了解信息的手段就是电报。即便是在古代，各种商业趋势和情报也非常重要，会直接影响到生意，而周莹就是利用了这一点。<br><br>因为王爷要撤资，导致日昌和“头寸”紧张，也即现金流捉襟见肘，为了能让散户顺利提现，日昌和发售贴票。所谓的贴票就有点像现在的P2P平台，个人可以投标，一定时间后可以连本带利收回，但是日昌和发的贴票利率太高，达到年化240%，所以短时间内的确揽储无数，解决了头寸危机，但是此举也是拆东墙补西墙，如果不把现金流进行投资，那么就会损失惨重。<br><br>周莹首先利用人性的弱点控制了陕西电报局的一名员工，利用他来发布一些假消息，或者扣留重要的电报，同时安排人存200万两白银到日昌和。沈四海于是被误导，将钱庄里的钱都买了生丝，原本以为可以全数卖给洋商克劳迪获得高额利润，不想克劳迪只要极小的份额，这样直接导致货物积压，现金流再次出现危机。而此时周莹又安排人将200万两白银提现，此时日昌和已经完全没有办法再支付各个小散户的提现。<br><br>原本沈四海还准备找其它钱庄借钱周转，周莹也早早做了安排，导致沈四海四处都借不到钱，加上日昌和无法提现的舆论，导致更多的小散户挤兑。最终沈家破产。<br><br><br><br>后续预告：<br><br>周莹VS沈四海<br><br><br><br>作者简介：简书、今日头条签约作者，LinkedIn专栏作者，新浪财经专栏作者、随手记等各大财经类平台特邀理财作者。已出版个人理财书籍《理财要趁早》、《轻松做财女》、《理财趁年轻——愿你过上想要的生活》，职场励志书籍《努力，是为了可以选择》。<br><br></p></div>', '6', '沐丞', '906', '62', '世间事', '5', '2017-09-15 09:24:18', '456', '66', './images/article/5.jpg', null, null);
INSERT INTO `t_article` VALUES ('6', '活得越来越酷，朋友却丢了一路', '<p><!--StartFragment--><!--EndFragment--></p><div><p>文 | 二九七月<br><br>❤<br><br>不知道从什么时候开始，在什么东西上都会有个日期，秋刀鱼会过期，肉罐头会过期，连保鲜纸都会过期，我开始怀疑，在这个世界上，还有什么东西是不会过期的。<br><br>01<br><br>“同学，我看你每天都一个人来这窗口吃饭，没有要好的朋友一起来吗？”<br><br>“朋友？\"，好陌生的词。<br><br>独来独往惯了，很久没听到别人和我提朋友这个词了，不过我相信我还是有朋友的，可能是时间久了，忘记联系，就彼此活在对方的记忆里了吧。<br><br>以前，我以为朋友就像歌里唱的一生一起走，一句话，一辈子，我以为朋友就像古惑仔里那样为兄弟可以两肋插刀。<br><br>以前，我以为... ...<br><br>“睡在我上铺的兄弟，你来的信写的越来越客气，关于爱情你只字不提”，我才知道，就算曾经一起逃过课，一起耍过妞，也会因为时间和空间，慢慢的渐行渐远。<br><br><br><br>02<br><br>中秋那天晚上，一个很久没有联系的老同学给我发来一句“中秋节快乐”。<br><br>说实话，我都不知道我们有多久没联系了，都快忘记他长什么样子了，不过他能想起我，还给我发来祝福，挺让我意外和惊喜的。<br><br>我刚想回“哈哈，终于想起你还有个爸爸呐？”不过觉得好二逼，就删了，后来又打“是不是有事求我，才给我发来消息？”不过觉得有种拒人千里之外的感觉，也删了，最后我回了句“你也是，中秋快乐。”<br><br>当我发出那条消息时，内心充满了失落和无奈。<br><br>还记得高中时，我们一起逃课去逛街，花钱从不分你我，一起去通宵，同吃一桶泡面和同喝一瓶水，一起坐在公园的椅子上，畅谈人生，彼此约定对方做一生的好兄弟。<br><br>毕业以后，我们去了不同的城市去上学，我们还曾天真的对彼此说“没事，我们可以用手机联系嘛”，但当距离横亘在我们感情中间时，才发现即使在网上聊无数句，都抵不上现实中彼此的一个拥抱。<br><br>曾经无话不说的好兄弟，现在却为了一句话而纠结不已，曾经一份菜两个人吃的好友，现在却变得越发的模糊不堪。<br><br>原来一生的尽头，就是毕业。<br><br>后来我才明白，对方聊得再怎么有趣，经过网络，这种开心都会缩小很多，但对方只要说了一句过激的话，就会被放大无数倍。<br><br><br><br><br>03<br><br><br>刚刚从书上看到这样一句话说：“每个人都走在人群里，你走的离我远了，就会离另一群人近了，这未必不是一件好事。”<br><br>昨天晚上闲来无事，破天荒的刷起了朋友圈。<br><br>突然，看到一个高中很要好的同学，发了一条动态，上面是他和他舍友一起喝酒撸串的照片，还配有文字说：一杯子，一辈子，以后的路一起走。<br><br>说实话，看到这条动态时，我的内心可谓是五味杂陈，但更多的是失落和一丝的恼怒。<br><br>我一直以为朋友是一种私人物品，但当我看到自己的好朋友和别人一起喝酒聊人生时，我才明白，原来是我错了，我不是也有了新的朋友新的圈子了吗。<br><br>我想这大概是因为我太在乎对方，太在乎原来的那份感情了。<br><br>我们生活在不同的城市，有着不同的朋友，过着不同的生活，难免会产生一些隔阂。<br><br>他和你说我每天都忙死了，好累啊，想让你理解一下，你却每天都在宿舍睡到中午十二点；他想约你假期一起出去看看外面的世界，你却说在家里上网刷剧多好啊。<br><br>我们总是想能让自己的生活可以融入对方的生活中，让其能感同身受，但时间和空间却让彼此从相交线变成平行线，从彼此亲密到渐行渐远。<br><br>我们不能怪彼此忘记对方，只能怪这个世界太大，太多的感情在泛滥。<br><br><br><br>04<br><br>老友渐行渐远，新友无心结交，就这样，活得越来越酷，朋友却丢了一路。<br><br>“那没有朋友还成？你需要去结交新的朋友，这样生活才会有乐趣”，好多人和我这样说。<br><br>我曾看过余华的《在细雨中呼喊》，其中有这样的一段话说：<br><br>“我不再装模作样的拥有很多友人，而是回到孤单之中，以真正的我开始了独自的生活。有时我也会因为寂寞而难以忍受空虚的折磨，但我愿以这样的方式来维护自己的自尊，也不愿以耻辱为代价去换取那种表面朋友。”<br><br>真正的知己是可遇不可求的，这辈子也许都不会有伯牙子期那样的知己，没有管鲍那样的交情，但真的就遗憾了吗？<br><br>你可曾想过，即使遇到让你眼前一亮的人，你有把握让其成为你一生的挚友吗？而不是成为一个廉价的信徒。<br><br>与其一味的去寻找，还不如把精力放在自己身上，因为这样才不会太累。<br><br><br><br>05<br><br>烟花易冷，人事易分。<br><br>想看看哪个朋友可以陪我到最后，我不知道谁是我最期待的那个，但我想时间会给出答案，既然强求不得，就随他去吧。<br><br>相濡以沫，莫不如相忘于江湖。<br><br>以上。<br></p></div>', '55', '二九七月', '1367', '92', '乡土故事', '6', '2017-08-28 09:26:26', '4564', '55', './images/article/6.jpg', null, null);
INSERT INTO `t_article` VALUES ('7', '【专访】与君成悦:最美的妻、最才的女、最虎的妈', '<p><!--StartFragment--><!--EndFragment--></p><div><p>善良、励志的女神辣妈<br><br>我想，成悦大概是目前我采访过的人当中，最让我佩服、也最让我感动的一个。<br><br>2015年的5月初，成悦的同事产后大出血，出现了失血性休克，经过抢救，人总算是保住了，但前后的医疗花费将近30万，这对一个普通的工薪家庭来说无异于是天文数字。<br><br>单位的领导得知这件事后，组织全员职工为他们捐款。短短一个星期，爱心捐款就将近10万。当时成悦的大宝刚出生没几个月，得知同事不幸遭遇的她，主动提出为同事的孩子喂养母乳。<br><br>原来，成悦的同事由于住院治疗，短期体内残留有大量药物，不适合给孩子母乳，而喂养奶粉的价格又是这个家庭目前所难以负担的。正当一家人愁眉不展时，成悦的出现，不仅给俩夫妻解决了燃眉之急，也给他们那个摇摇欲坠的小家带去了爱和温暖。<br><br>这件事当时广西的新闻也有报道，不过成悦让记者用了化名。“因为我觉得，做好事不是为了让大家知道，我只是希望自己能够真正地对他人有帮助。”<br><br>对于绝大多数人来说，很多人做不到给别人的孩子坚持喂奶。一来很伤身体，二来太耗费自己的时间和精力，况且还是无偿的帮助别人，这究竟需要多大的爱心和勇气？<br><br>“当时我既要喂养自己的大宝，还要每天挤奶给同事的小孩送去，身体消耗非常大，我后面断奶以后，整整用了十个月才调理过来”。尽管身体素质因此而下降，成悦也并没有抱怨和后悔，而是开始锻炼身体，用了两个月就成功瘦下将近20斤，连马甲线都出来了！<br><br>这就是与君成悦！<br><br>她说希望能够同大家一起在文字当中成就美好。而现实中，她不仅用文字、也用自己的身体力行在影响着周围的人，与周围的人一起共享着生活的美好。今天，让我们一起带着愉悦的心情，一起欣赏并享受这份美好！<br><br>﻿<br><br><br>与君成悦<br>02<br>幸福的一家四口<br><br>今天，成悦在简书发表了一篇文章，标题叫做《对不起简书，我要回家生孩子了》。原来，成悦肚子里的二宝已经足月，随时都有可能临盆。<br><br>成悦今年30岁了，3年前的今天，她生下了大宝。3年后的今天，也是二宝的预产期。这一家人，还真是冥冥之中有着扯不断的缘。<br><br>说到家人，成悦的老公刘书记，大概是她一天里念叨最多的一个名字了吧。<br><br>而她与刘书记的缘分，那更是成了简书里的一段佳话。<br><br>那时成悦本科毕业后，就去了北大深造，第一天到学校报道时，由于不认识路，就向刚从图书馆出来的刘书记问路。<br><br>刘书记，也就是成悦现在的老公，因为毕业以后作为清华北大定向选调生被广西自治区党委组织部选调到农村当第一书记，所以成悦索性就随着大家这么称呼他。<br><br>彼时的刘书记，英俊潇洒，才华横溢；彼时的成悦，年轻貌美，热情阳光。他们的相遇缘于一次问路，却也因为那次问路，结下了两人一生的缘分。<br><br>所以就有了成悦的大宝女儿，和肚子里即将临盆的二宝，这一家四口在一起的画面，怎么看都让人觉得很温馨。<br><br>￼也许在很多人的观点里，夫妻二人都是高校研究生毕业，留在大城市应该会有很好的发展。而成悦和刘书记却反其道而行之，毅然选择了回家乡的小城市发展。<br><br>虽然回小城市发展，工资和机会各方面都相应减少了，但是可以呼吸到家乡城市极好的空气、不必每天挤公交和地铁上下班、还可以每个星期回一次家陪陪父母、还能时不时和老公孩子来一场说走就走的旅行……这些对成悦来说已是极大的满足。<br><br>“大城市有大城市的梦想，小城市也有小城市的幸福。只要过喜欢的生活，觉得舒服自在，有理想，有信仰，找到自己奋斗的意义，那就足够了”，成悦如是说。<br></p></div>', '65', '眼镜姑娘_', '1000', '80', '散文', '7', '2017-08-28 09:27:49', '652', '85', './images/article/7.jpg', null, null);
INSERT INTO `t_article` VALUES ('8', '人生若只如初见', '<p><!--StartFragment--><!--EndFragment--></p><div><p>善良、励志的女神辣妈<br><br>我想，成悦大概是目前我采访过的人当中，最让我佩服、也最让我感动的一个。<br><br>2015年的5月初，成悦的同事产后大出血，出现了失血性休克，经过抢救，人总算是保住了，但前后的医疗花费将近30万，这对一个普通的工薪家庭来说无异于是天文数字。<br><br>单位的领导得知这件事后，组织全员职工为他们捐款。短短一个星期，爱心捐款就将近10万。当时成悦的大宝刚出生没几个月，得知同事不幸遭遇的她，主动提出为同事的孩子喂养母乳。<br><br>原来，成悦的同事由于住院治疗，短期体内残留有大量药物，不适合给孩子母乳，而喂养奶粉的价格又是这个家庭目前所难以负担的。正当一家人愁眉不展时，成悦的出现，不仅给俩夫妻解决了燃眉之急，也给他们那个摇摇欲坠的小家带去了爱和温暖。<br><br>这件事当时广西的新闻也有报道，不过成悦让记者用了化名。“因为我觉得，做好事不是为了让大家知道，我只是希望自己能够真正地对他人有帮助。”<br><br>对于绝大多数人来说，很多人做不到给别人的孩子坚持喂奶。一来很伤身体，二来太耗费自己的时间和精力，况且还是无偿的帮助别人，这究竟需要多大的爱心和勇气？<br><br>“当时我既要喂养自己的大宝，还要每天挤奶给同事的小孩送去，身体消耗非常大，我后面断奶以后，整整用了十个月才调理过来”。尽管身体素质因此而下降，成悦也并没有抱怨和后悔，而是开始锻炼身体，用了两个月就成功瘦下将近20斤，连马甲线都出来了！<br><br>这就是与君成悦！<br><br>她说希望能够同大家一起在文字当中成就美好。而现实中，她不仅用文字、也用自己的身体力行在影响着周围的人，与周围的人一起共享着生活的美好。今天，让我们一起带着愉悦的心情，一起欣赏并享受这份美好！<br><br>﻿<br><br><br>与君成悦<br>02<br>幸福的一家四口<br><br>今天，成悦在简书发表了一篇文章，标题叫做《对不起简书，我要回家生孩子了》。原来，成悦肚子里的二宝已经足月，随时都有可能临盆。<br><br>成悦今年30岁了，3年前的今天，她生下了大宝。3年后的今天，也是二宝的预产期。这一家人，还真是冥冥之中有着扯不断的缘。<br><br>说到家人，成悦的老公刘书记，大概是她一天里念叨最多的一个名字了吧。<br><br>而她与刘书记的缘分，那更是成了简书里的一段佳话。<br><br>那时成悦本科毕业后，就去了北大深造，第一天到学校报道时，由于不认识路，就向刚从图书馆出来的刘书记问路。<br><br>刘书记，也就是成悦现在的老公，因为毕业以后作为清华北大定向选调生被广西自治区党委组织部选调到农村当第一书记，所以成悦索性就随着大家这么称呼他。<br><br>彼时的刘书记，英俊潇洒，才华横溢；彼时的成悦，年轻貌美，热情阳光。他们的相遇缘于一次问路，却也因为那次问路，结下了两人一生的缘分。<br><br>所以就有了成悦的大宝女儿，和肚子里即将临盆的二宝，这一家四口在一起的画面，怎么看都让人觉得很温馨。<br><br>￼也许在很多人的观点里，夫妻二人都是高校研究生毕业，留在大城市应该会有很好的发展。而成悦和刘书记却反其道而行之，毅然选择了回家乡的小城市发展。<br><br>虽然回小城市发展，工资和机会各方面都相应减少了，但是可以呼吸到家乡城市极好的空气、不必每天挤公交和地铁上下班、还可以每个星期回一次家陪陪父母、还能时不时和老公孩子来一场说走就走的旅行……这些对成悦来说已是极大的满足。<br><br>“大城市有大城市的梦想，小城市也有小城市的幸福。只要过喜欢的生活，觉得舒服自在，有理想，有信仰，找到自己奋斗的意义，那就足够了”，成悦如是说。<br></p></div>', '45', '魏清萍', '1420', '56', '行业故事汇', '8', '2017-09-04 09:29:14', '655', '56', './images/article/8.jpg', null, null);
INSERT INTO `t_article` VALUES ('9', '我如何几个月掌握一门语言', '<p><!--StartFragment--><!--EndFragment--></p><div><p>身为一个出生于印度尼西亚的我，从小到高中都是在那里长大。 爷爷那一代是来自福建，所以算是华侨。<br><br>在这里生活，若跟家人，身边朋友一般都是用闽南话。而接受教育，大部分学校基本上用印尼语，相当于本地方言。<br><br>单靠一份高中毕业证书，想找到一份职业是一件难题并且待遇不是很好。于是因为不满，就来到了广州来留学。<br><br>过来之前，中文水平是属于半桶水的状态，身边朋友还提醒了我先深度思考再做最终决定。<br><br>他们说不管去不去，先给我备了2大绝招，说无论什么场合，时间都适合用。一句是 \"你好\"，另外是 \"听不懂\"。<br><br>经过无日无夜的思考，最终还是选择了过来搏一搏。毕竟出门在外，带着钱，什么事情都不是事。<br><br>觉得大不了若实在不习惯或者适应不了中国环境，可以随时回家乡。<br><br>第一次来到白云机场那天，真的觉得自己好像到了一个外星外星球。到处只能看到密密麻麻的中文字，可一句都都看不懂。<br><br>而遇到了不知形容为辛幸还是不幸的一件事。偶然发现有一家门店，提供了全广州接送服务。可最重要的是他们能说英语，唯一我还能用于沟通的语言。<br><br>于是就一言不说，直接把在纸上抄下来的学校地址给它们，上车，出发。可到了目的地之后，广州天河，居然要求了我给800元的车费。<br><br>当时还不知道原价，觉得自己很幸运，能用擅长的语言沟通，坐车这么一段距离不是很贵。可慢慢得懂了这里生活习惯，条件，等等。才知道当初是被坑了。<br><br>2.<br>如今想到这些小事，被骗，无法表达自己，其实全部都是因为语言不通的原因。<br><br>来到一个国家，陌生的环境，最重要还是能沟通。<br><br>在这里多年，发现身边的中国朋友，包括现在女朋友，都觉得英语很难即便学了多年。总怨自己说不出来，写不好作文，觉得自己的词汇量很少。<br><br>可我觉得真的不对劲个，因为既然中文都会了，其他语言包括英语，应该都不成问题。应该只是缺的掌握一门语言的技巧。<br><br>于是想在这篇文章想跟大家分享我是如何半年掌握中文基本功，阅读，写作，口语与听力。<br><br>1.阅读<br><br>第一次到这里时，只会念数字，一到十，剩余的一个字都不认。可见当时水平有多差。<br><br>吃饭自然成为了挺难的一件事情。看到那些菜单，只能用手指乱猜上面的菜式。<br><br>但幸好，读大学的第一年，教了我们基本沟通方式，打交道，市场上常用语，和一些生活上的。<br><br>对外国人来说，要一时就学会笔画，并且学会它的读音简直十分苛刻。可幸好，中文还不是很绝，留了一条活路。<br><br>它还有跟外语相似的地方，就是所谓的汉语拼音，使用了abc并把音调标在上面。方便于一个个讲出来与利益记住。<br><br>这也是大部分流行语言，例如日语，汉语，或者是印尼语，的共同点也是学习的出发点。显然，英语也是其中之一。它里面有一个必不可少的东西叫做声音钻 ( sound drill ) ，让我们如何读某些词语，并且都能用于不同的词语。<br><br>为了能掌握更好的阅读能力，可以先从一个漫画书去看。一开始对陌生的语言，难免会觉得只是一堆密密麻麻的字堆在一起，可它提供了配图助于我们理解这些词语。<br><br>若有那些不懂的词，可以查一下字典，手机上现在都了好多的翻译软件。一个个的字去翻，也许会让你觉得很烦躁，没耐心再看下去。<br><br>可这些恰恰是入门一种语言非过不可的一个过程。包括我在内，每天花了3个小时学中文。<br><br>2. 写作<br><br>写作的概念，其实就相当于以文字的形式写出来曾经看过的文章，人生经历，或者对某一些东西的看法。而对于好作文的要求，它必须简介，完全很清晰的描述出来当前画面感，场景，等等。详细写出每个细节。<br><br>这样读者才能好理解你所想表达的观点与看法，感受到当时场景气氛并且利益他们从你写的文章比较简单于学到东西。<br><br>因此，在这个过程，尽量减少错别，对于词语的使用，要谨慎，因为词语的使用错误自然会导致不同的意思。并且，对于作文的结构，它的排版必须整齐，简介。对符号的使用都是必须有一点的概念，这样人一看就一目了然。<br><br>刚开始写的时候，可以取一些比较简单的标题例如，我的家人，或者一些关于大学生活。而对于内容，可以放宽一下要求，字数都可以随意控制，能写多少就多少。但我建议最少也要100个字。<br><br>当时读大学时候，也如此要求每个学生锻炼写作能力。刚开始写的时候，都不会很在意学生的内容写得多漂亮，大改能讲出意思就行。<br><br>也是因为从当初的积累。初时知道的词要有没有到100的话，可能一般都不到。而随着时间，一天一天增加自己的字库到，一开始的不易也慢慢习惯了，到如今在简书开始自己的写作生涯，<br><br>3. 口语与听力<br><br>这个部分其实在学习无论学什么语言最可以轻松自己，又很有趣的地方。<br><br>可一般人包括身边的人，在这一点觉得自己不突出的方面。不知临时用那些词会比较合适，或者是想不出。<br><br>时刚来到中国，我也是属于一句都说不出口的那种。那时候，跟当地人沟通完全只能用手语。使出眼神，摆出的各种手脚动作沟通。<br><br>若听到人跟我说话，想都不想，第一时间直接使用备用的词语 \"听不懂\"<br><br>可想而知，这样子的沟通方式有多痛苦。于是就还是得逼自己学会中文。<br><br>可能说都不信，可还我还真的做了。因为刚来，还没有交到一个中国朋友，当时我就对着镜子，跟自己说话。假装扮演对方回复自己的问题。<br><br>想说出的话可实在不知道用什么词，会回看手上拿着的课本去找对应的词。然后再一一个抄在笔记本记下来，那一些对话场景会用到什么词语。<br><br>后来，渐渐得交到几个中国朋友之后，并在他们的协助下，才可以把口语的学习速度也自然加快。包括现在懂的一些中国那些脏话，用于骂人就是从他们学到的。<br><br>而听力是跟随口语能力，一起提升的。对方的口音，或者例如在中国北方，北京。说出的词都喜欢带 ” 儿 “。<br><br>另外，无论学哪一门语言，听对应的音乐和看相关的电影是最能又最轻松的一种学习方式。不仅听力，词汇量等等也都会有很大的提升。<br><br>3.<br>只要跟着文章里面的内容，一个个去研究并且愿意去做。最晚也仅大概半年。无论学什么语言，一切都可能成为现实。<br><br>学一门语言，谁不会觉得难，连自己的方言，有时候还被人嘲笑，话说得不标准。<br><br>可到了一个完全陌生的环境，不为别的，只为了生存，若半句都沟通不了，何来的说能适应环境。<br><br>刚开始接触，难免会觉得很陌生和不习惯。不理解你表达的意思。可经过不断的学习，慢慢去了解，很快就有意想不到的回报。<br><br>现在的障碍，就是因为缺掌握好学习的技巧。可它恰恰在掌握一门语言扮演了很重要的角色。<br><br>它影响了速度，与后面的成果。包括现在的常见的障碍，就是因为当初错误的方式所造成。<br></p></div>', '123', '怀左同学', '11920', '150', '旅行、在路上', '9', '2017-08-10 09:30:32', '2131', '50', './images/article/9.jpg', null, null);
INSERT INTO `t_article` VALUES ('10', 'OFF学：会玩的人，才会更加容易成功', '<p><!--StartFragment--><!--EndFragment--></p><div><p>文/小宋老师<br><br>01.<br><br>不知道你是否有着和我类似的体验：工作的时候，特别渴望假期的到来，但是当假期真正到来的时候，却又不知道该如何打发闲暇时间。<br><br>叔本华曾经说过：“人的一生就像是一个钟摆，欲望得不到满足就痛苦，欲望得到满足就无聊。人就是在痛苦与无聊之间摇摆。”我觉得，一个不懂得如何打发休闲时间的人，就很容易在这痛苦和无聊之间摇摆。<br><br>一直以来，我都在寻找一门教人如何放松休闲的学问。因为我觉得自己是一个不懂得如何休闲的人，满脑子都是如何提高工作和学习效率，整个人很容易感到疲惫，活得也很无趣。<br><br>后来我读到了大前研一的《OFF学：会玩才会成功》，觉得非常受用。作者曾担任麦肯锡公司的高管，在工作的初期是一个十足的工作狂，后来健康出了问题之后，开始领悟到休闲的重要性。于是他开始探索各种休闲的有益方式，而且将其上升到了方法论层面。<br><br>如果把“ON”说成是工作状态，那么“OFF”就是指休闲状态。而“OFF学”，则是指一门休闲的学问。凭借着自己所创立的这套休闲方法论体系，大前研一的生活焕发出了源源不断的活力，过得精彩无比，正如他在书中所说：<br><br>“在公认的竞争异常激烈的麦肯锡公司我工作了23年。但是在那段时间，我享受音乐、运动、假期的方式，跟现在并无二致。”<br><br>下面，我们就来通过介绍四条原则，来梳理和学习一下大前研一的休闲哲学——“OFF学”。<br><br>02.<br><br>保持充实休闲生活的第一条原则——制订休闲计划。<br><br>我们经常会认为，只有在工作和学习的时候才需要去制定计划。其实，休闲也一样需要计划。在经历了若干个混沌度过的假期之后，我的内心升起了一句话：<br><br>没有被计划的一天，注定是被浪废掉的一天。<br><br>正是因为缺少充分的计划，很多人会选择在周末窝在沙发上刷朋友圈、玩手机游戏，抑或是进行毫无新意的逛街活动、看上几期综艺节目、昏昏沉沉地睡好长时间。这样的周末，过得毫无质感。<br><br>在《OFF学》里面，大前研一主张要学会制定休闲的年计划和月计划。<br><br>休闲年计划主要是指，针对比较长的假期所安排的旅游休假计划。例如今年准备到哪个旅游景点去游玩，这些都是需要在年初所规划好的。不要觉得这是非常奢侈的一件事情，一部新款Iphone的价格，去一趟日本加泰国都足够了。<br><br>休闲月计划主要是指，以月为单位，决定周末的休闲活动。例如“这一周，跟车友一起去骑越野车；下一周，跟音乐爱好者一起练习单簧管；第三周，去做泰式按摩放松身体等。”<br><br>大前研一还提出一个重要的休闲理念就是：“与其多次反复浅尝辄止，不知少次充分享受，这也是充实休闲生活的秘诀之一。”<br><br>你是想把钱零零散散地花在吃一些提不起兴趣的美食和高档的咖啡上，还是有计划地把这些钱攒起来，去看一场自己期待已久的演唱会？如果把钱花在后者上，相信你会始终保持对生活的期待和激情。<br><br>03.<br><br>保持充实休闲生活的第二条原则——合理分配周末时间。<br><br>你是否经常会从周日的下午开始，感觉心情有些沉重呢？因为这时会担心休闲的时光马上就要结束，周一的工作马上就要来临。有人将这称之为星期一忧郁症。<br><br>说实话，我也经常会有这种感觉。但是如果能够合理分配周末时间，就能够击退星期一忧郁症。所谓合理分配周末时间，实际上就是要掌握良好的休闲节奏——周五晚上助跑，周六体力活动，周日身心休息。<br><br>周末实际上是从星期五晚上开始的。但需要注意的是，周五晚上不宜安排特别刺激兴奋的活动，尤其是需要熬夜的休闲活动。假如周五的晚上缺乏节制，第二天就很容易赖床不起，会让宝贵的星期六也白白地浪费掉。<br><br>星期六的时间，最好安排体力型的休闲活动。例如去公园游玩，爬山等等。我一般会在周六的时间安排去爬离家不远的佘山，即使爬山很累，也可以在周日让体力得到恢复。<br><br>星期天的时间，最好不要安排体力型的休闲活动，而应当以放松休闲为主。理发、散步、在家看书等都是不错的选择。<br><br>星期天的晚餐后，应该开始为星期一的工作准备。提前计划下周的工作，这样周一的时候就不会显得过分慌张。需要注意的是，周日晚上最好不要做太多实际的工作，可以制定下周的计划。否则，让大脑过度兴奋，就会影响到周日晚上的睡眠。<br><br>04.<br><br><br>保持充实休闲生活的第三条原则——形成一些固定的休闲习惯。<br><br>你是否遇到过下列类似情况：周末到了，感觉想做很多事情，但是犹犹豫豫，最终一件事情都没有做成？还有就是，周末的时间想要外出用餐，但是在商场里逛了半天，也没决定好到那家餐厅用餐？<br><br>在《OFF学》当中，大前研一提到了他所坚持的一些固定的休闲习惯。例如，在周末的时间，他会去固定的公园去散步。碰到下雨天的时间，他会整理自己之前拍过的照片或视频影像，或者是将自己喜欢的音乐刻成CD等等。<br><br>在大前研一的记事本中，通常会有几家最喜欢的餐厅名单。这样他就不需要在每次用餐之前冥思苦想，耗费脑细胞去思考选择哪一家餐厅吃饭了。当然，列出自己最喜欢的餐厅名单也是需要花费一番功夫的。大前研一给出了这样一个概率：平均到访五家餐厅，才能找出一家自己特别钟意的餐厅。<br><br><br>除此之外，大前研一还会去固定的餐馆去吃寿司、固定的咖啡馆去思考人生，这样就会节省大量的选择时间，把更多的时间用在真正的休闲上。<br><br><br>05.<br><br><br>保持充实休闲生活的第四条原则——结交一些圈外的朋友。<br><br><br>大前研一主张，应该利用下班时间，结交一些工作以外的朋友。因为如果总是和同事一起打发休闲时间，由于存在一些微妙的竞争关系，有时候很难说出自己内心的真正想法，很难聊得尽兴。<br><br>他在书中说道：“我是一个拥有多重兴趣的人，基于兴趣所结交的朋友都没有工作上的关系。以骑越野摩托为例，我的朋友有建筑业的专业人士、送报员、寿司师傅等来自各个不同领域的人士，但是几乎没有上班族…因此，每个人都可以坦诚地表达自我，并且建立没有利害关系的友谊。”<br><br>对于我个人来说，每次出去参加心理学的会议或是培训，除了是为了了解一些前沿的信息和知识之外，另外一个重要的目的就是结识新的朋友。有好几次，我都会和这些新认识的朋友畅聊到凌晨，短短的几天内就结下深厚的友谊，后期还会继续保持联系，互相勉励。<br><br>我想这其中很重要的一个原因就是，没有利害关系的束缚，大家更容易袒露心扉，彼此交心。所以说，如果有机会的话，我们还是应该努力结交一些工作之外的朋友，这样不仅可以玩得更加尽兴，心情也会多一些被拯救的机会。<br></p></div>', '1321', '奇奇漫悦读', '741', '37', '成长励志', '10', '2017-08-21 09:32:22', '6233', '70', './images/article/10.jpg', null, null);
INSERT INTO `t_article` VALUES ('11', '年轻的我们到底该如何相爱', '<p><!--StartFragment--><!--EndFragment--></p><div><p>■ 01<br><br>随着年岁渐长，我渐渐成了那个倾听亲友们说起子女早恋、子女苦恋、子女遭遇渣男（女）的准中年人。我听说的种种烦忧事件，不外乎以下几个版本：<br><br>甲女和乙男高中早恋，学业一落千丈。两人不顾家长劝说，一意孤行。甲女高考失败，巨大压力下，复读成绩平平。普通大学毕业，求职屡屡受挫，导致就业后心理阴影严重，不愿恋爱，家人开始担心她成为大龄剩女。<br><br>丙女和丁男大学恋爱，深陷爱河，专业能力平庸。毕业之际，为了和男友共聚一城，放弃父母介绍的工作，从事底层销售。与男友职场成就日渐扩大，嫌隙不断。男友移情别恋，丙女返回家乡，神情抑郁，常常向母亲发问，“为什么失恋的是我”？<br><br>A女和C男大学毕业后因公司业务联络结识，很快陷入热恋。女生看着男友工作辛苦，宁愿放弃一些业绩，在生活上处处帮衬。男方借口事业上升期，总让女方等一等再结婚。<br><br>三年后，男方说，“我认识了集团前辈的女儿，与她结婚，对我很有帮助”。A女用工作麻痹自己，常年徘徊在过劳边缘。<br><br>以上每桩事件加工一下，或许都是自媒体时代的爆文。这些年轻男女的恋爱结局虽然皆是不尽人意，但他们全部无一例外地深爱过彼此。<br><br>爱情这件大事，如果不是亲身经历，大概无法理解年少时为了彼此眼中的惊鸿一瞥，会义无反顾，会千里奔赴，会省吃俭用大半年只为买张机票——每个少年都以为如此这般便是足以余生缅怀。<br><br>仿佛是对文学作品潦草掠过，大约会以为希斯克利夫只是一个心肠恶毒、心理扭曲的复仇狂；安娜.卡列尼娜是一位生活富裕、无所事事、沾花惹草的肤浅贵妇；达洛维夫人是一位身居安逸却分外喜欢胡思乱想的主妇；而包法利夫人呢，或许可以用任何恶劣的词汇去指责她。<br><br>然而，一旦细读文本，任何一位读者都会发现那些名留文学史的人物根本不是一个扁平的形象，他们才不会把“好人”或者“坏人”写个标签，贴在脑门上。<br><br>年轻时的爱恋也同样如此，我们无法苛责那些深爱过的时光，我们能够省思的只有爱恋的方式与过程。<br><br>作为一个准中年人，我听说过亲友口中的那些悲情爱恋。<br><br>作为混迹职场数年的准中年人，我也亲眼目睹亲耳聆听，集团中的优秀员工如何与自己的伴侣彼此帮扶，成为业界新星；优秀的毕业生情侣，如何彼此督促，从普通院校成为名校硕士，让自己的简历花团锦簇。<br><br>如果说现实中的鸡汤、励志、情感文章已经太多，我们不如再读一读古籍——《聊斋》中有这样两个故事《董生》、《胡四姐》。<br><br><br><br>■ 02<br><br>两个故事皆是关于书生与狐女的爱恋，其中一位书生暴病而死，一位狐女惨遭屠戮，还有一位狐女得道成仙。<br><br>他们的生命如斯天壤之别，那些玉面华服、长身而立的书生，那些烟视媚行、顾盼生姿的狐女，依凭蒲松龄先生笔下绮丽生辉的文字，浮现在三百多年光阴的彼端。<br><br>他们像是某种隐喻，让我们因那些备受摧残的爱恋而警醒，亦奉献着值得期许的相爱范式。<br><br>《董生》讲述了两位书生与狐女爱恋的故事。董姓书生沉迷于狐女的美色，明知与狐女欢好必然影响身体健康，依旧不知节制，最终“积数日，董呕血斗餘而死”。<br><br>另一位名为王九思的书生运气要比董生好一些。将董生迷惑至死的狐女又来到王九思面前，以美色诱惑王九思。<br><br>数日后，王九思重病缠身，董生托梦对他说，“那个狐妖又来魅惑你，我已经在地府状告她。你一定要在屋外焚香七日，以免如我一般暴死”。<br><br>王九思让家人在屋外焚香，狐妖大怒，“一定是董生教你做的！我要去地府和他对质，如果你还念着我们昔日的欢好，不要弄坏我的肉身”。<br><br>而后狐妖魂魄脱窍，前往地府，留下一具全无知觉的狐狸肉身。王九思恐惧狐妖再活过来，便与家人将狐狸剥皮杀死。<br><br>狐女魂魄自地府归来，对王九思说，“地府判官也认为董生见女色而生妄心，病死也是罪有应得。地府只是收我金丹，留我性命。你今日毁我肉身，大约是我杀人的报应”。<br><br>狐女从此绝迹，王九思缠绵病榻大半年，方才痊愈。<br><br>《胡四姐》的情节要曲折一些，胡四姐和姐姐胡三姐皆是狐女。胡三姐先行诱惑姓尚的书生，又介绍胡四姐给尚生认识，尚生与胡四姐十分投缘。<br><br>胡四姐说，“我的姐姐必然会害死与其欢愉的少年郎，我曾拜仙人为师，权且为你驱逐三姐吧”。胡四姐果然用仙符让三姐远离了尚生。<br><br>尚生与胡四姐如此情投意合了很长时间。某日，有捉妖师来到尚生家中，对尚生父亲说，“你儿子被妖精迷惑了”！捉妖师便施法捉妖，将胡四姐捉进瓶子。<br><br>尚生听到胡四姐在瓶中求救，便解救了胡四姐。而后尚生与胡四姐十年未见，一日胡四姐来见尚生，“我已修炼成仙，只因心中有情，再来见你一面，了却尘缘”。<br><br>又过了二十多年，胡四姐再度与尚生相见，“我已名列仙籍，感念往日情谊。特来告知你的大限之日，我会渡你成鬼仙”。<br><br>《董生》与《胡四姐》中一共写了三位书生，两位狐女。<br><br>董生可以算作下下签（不仅殒命，还被地府评判为罪有应得），王九思抽到了中签（侥幸得以存活），魅惑董生的狐女也是下签。胡四姐得道成仙是上上签，尚生死后成为鬼仙至少也是上签了。<br><br>蒲松龄先生作为熟读孔孟之道的小说家，整部《聊斋》无不体现着道德与教化元素。狐女、花精、鬼魅、书生既是鲜活的个体，亦是彼时社会生活的隐喻和符号，他们共同讲述着善与恶、褒扬与鞭笞、嘲讽与期许。<br><br>就像斯达尔夫人在《从文学与社会制度的关系论文学》一文中所表达的理念，她说，她的任务便是“考察宗教、风俗和法律对文学的影响，反过来，也考察后者对前者的影响”。《孟子·万章》中这般写道，“颂其诗，读其书，不知其人可乎？是以论其世也”。<br><br>如果我们了解读书与科举对于古人（书生）的重大意义，理解蒲松龄先生一生坎坷皆因科举，我们便会知晓书生与狐女的相爱一旦妨碍学业，对读书(科举）产生不良影响，结局必然可悲。<br><br>董生和王九思皆曾沉迷狐女美色，不修学业。尚生前期也是极度迷恋胡四姐，耽于玩乐。而醒悟的王九思与被强制离开胡四姐的尚生，均未遭遇董生般暴病而死的结局。<br><br><br><br>■ 03<br><br>假如我们将科举理解为生存之本的符号，狐女与书生的交往看作身处爱恋的符号，之于现代男女而言，正确的相爱指南已然明晰如斯——并且简洁至只有两个要点。<br><br>要点之一，相爱是人之常情，但相爱绝不能妨碍生存之本。<br><br>少年时代的爱恋，仿佛只是为了得见彼此潋滟的眼眸、微笑与毫无岁月侵蚀的容颜。借着彼此对望的欣喜，填补仿佛挥霍不尽的光阴。<br><br>记得李玉执导过一部影片《红颜》，斩获维也纳电影节评审团大奖、费比锡国际影评人协会大奖等等奖项。<br><br>影片中的高中生小云爱上同学王峰，早恋加上意外怀孕，在八十年代的小城几乎是灭顶之灾。但之于她，或许只是青春无悔。<br><br>然而无论怎样如胶似漆的爱恋，都不应该妨碍成长期的自己去习得安身立命之本，毕竟绝大多数个体，都需要习得一种技能，去让自己得以立足，宛若古代的科举。<br><br>在《聊斋》中，但凡不因恋情而耽搁修习者，皆是收获事业与爱情。比如《小谢》的故事中，陶生与女鬼互相爱慕，但不误学业，教导女鬼读书写字，教学相长。<br><br>女鬼襄助陶生进京赶考，陶生高中进士。这种相互扶持的相爱，直至今日，依旧是恋人的典范。<br><br>而对于不学无术者，蒲松龄先生也是讽刺的淋漓尽致。比如才貌双全的女鬼温姬发现嘉平公子只是徒有其表、不通文墨，断然拂袖而去。当真是无立身之本者，连鬼都嫌弃。<br><br>换成现代用语即是，“爱情不能没有面包”。那些因为爱恋丧失高考、大学里因为相爱而忽视修业者，当因为缺失一技之长而成为贫贱夫妻之时，只会应了那句“百事哀”。<br><br>要点之二便是，一旦发现彼此伤害，或者自己遭遇折损，果断离开才有上上签。<br><br>比如《董生》中的王九思如果一直顾念狐女的温柔乡，又怎能让自己脱离魅惑，痊愈身体呢？如果胡四姐没有意识到自己被捕捉之时的弱小，继续和尚生痴缠，又怎能得道成仙呢？<br><br>同样，如果发现自己的恋情只是单方付出，全无携手进步的可能，并且自己在核心技能方面的落后亦无任何补偿。那么宛若要点一，失却安身立命之本的爱恋哪有什么好结局呢？<br><br>请不要觉得如此阐述相爱，实在太过功利。因为你怎知日后功成名就的自己，再度得遇昔日恋人之时，不是风轻云淡、满心欢喜呢？<br><br>胡四姐便是以仙人之姿，与尚生再度相见，他们终是清净无碍，彼此再无亏欠。而少年时代的汹涌爱恋，宛若落潮时分的水天一色，留作好故事与后人说。<br><br></p></div>', '456', '金春妙', '789', '879', '大学生活', '11', '2017-09-06 16:03:49', '789', '789', './images/article/11.jpg', null, null);
INSERT INTO `t_article` VALUES ('12', '蓝颜|我们没有在一起至少还像家人一样', '<p><!--StartFragment--><!--EndFragment--></p><div><p>文/甜腻老干妈<br><br><br><br>地理老师曾说：“当千岛寒流遇到日本暖流时，就会温暖一整片海域。”<br><br>突然就想起了维尼。<br><br>后来，这成为我唯一记得的地理题。<br><br>1.<br><br>其实，我在很长一段时间里都觉得男女之间不可能有纯友谊。<br><br>接下来的一段时间里我觉得：可能真的有吧，越丑越纯。<br><br>然后我就被猪大肠实力打脸，那玩意儿大腹便便脑满肠肥笑起来像个二百斤的孩子竟然还能和所谓的红颜暗度陈仓。<br><br>后来我自己也经历了一些事，终于愿意相信男女之间是有纯友谊的。<br><br>有个人，你是不舍得把他变成爱人的。<br><br>那个人，大概……就是你看到这篇文章想起的第一个人吧。<br><br>2.<br><br>我和维尼认识有那么三四年的光景了。<br><br>说来惭愧，他是前任猪大肠在北京那边的好哥们儿。不高，胖胖的，学霸一枚。<br><br>第一次见面真的好不顺眼，谁知道后来关系那么密切。<br><br>在面基之前，维尼对我的印象仅仅局限于照片。<br><br>那时我十七岁，含苞待放，深谙B612、黄油相机、in等亚洲邪术，拍出来的照片每一张都惊为天人。<br><br>见到我真人之前，维尼一直觉得我是女神，猪大肠艳福不浅。<br><br>高考完的长假期他们从北京来这边玩。当时的我带了牙套，暑假做兼职晒得黑黢黢，总之，和照片相去甚远。<br><br>维尼在我冲他们笑露出满嘴钢牙的时候一脸惊恐地转过身戳戳身边的猪大肠，压低声音说：“孙子……这，略显坑爹啊。”<br><br>然而我听到了这一切。<br><br>我想我当时的白眼应该翻得双眼皮贴都要脱离我了：直男癌真可怕，这样的男生一定找不到妹子。<br><br>事实上，维尼确实没有什么女生缘。因为这厮还是个痴情种子，追一个妹子追了七年。<br><br>不过这些就是另一个故事了。<br><br>2.<br><br>15年冬天，在高考复读班里，猪大肠和我提了分手，并对劈腿供认不讳。<br><br>痛定思痛，我删除了我们所有的共同好友。<br><br>维尼是唯一一个回加我的。他简单安慰我了几句，不要太伤心过好自己的生活云云。<br><br>大概人都是这样，不安慰还好，一安慰所有隐忍的情绪便如同决堤。我是个有自己的骄傲的人，很多情绪在外人面前很少显露，我也不知道为什么那个时候一股脑儿都告诉了维尼。<br><br>那天我和他从晚自习放学聊到凌晨一点多。我说我从小就没有得到过父亲的宠爱，后来长大了就特别希望有个人待我温柔吻我伤口，我以为猪大肠就是那个人，傻傻付出了真心，讨好型人格的我宁愿委屈自己也要让他开心，没想到最后却是身心俱疲。<br><br>一开始我是打字，后来觉得不太酣畅，改为发语音。<br><br>“他说他会等我的。”<br><br>“他以前真的很好。”<br><br>“我每天都好好吃饭好好学习不和别的男生走得太近，你说他怎么就不要我了呢？”<br><br>“我可能真的很差劲吧，我不值得别人对我好。”<br><br>我从一开始的自嘲，慢慢变成啜泣，到最后声泪俱下的控诉。<br><br>维尼一直默默地充当情绪垃圾桶，不时安慰我。说了什么我已记不清了，只记得互道晚安时他对我说，以后你心情不好的时候尽管来烦我吧，晚上十二点之前我都在。<br><br>第二天早晨起来，就看到维尼的一大段消息。<br><br>他说，你是个好女孩。<br><br>你现在所承受的一切，都是命运补偿的序曲。<br><br>加油。<br><br>人在悲痛的时候，可能很小的事情就能挑拨那脆弱的情绪。<br><br>我捧着手机愣怔了几秒，几乎泪目。<br><br>我回他，谢谢。<br><br>3.<br><br>大概有那么半年多的时间，每当我心情不好的时候都会和维尼聊几句。<br><br>有时也会听他讲他喜欢的女孩子，讲他追那个女孩子六七年对方却一直是不瘟不火的态度，讲他高中的时候没有手机只能每个周末和那个妹子通一次电话，还要想清楚说什么。<br><br>这让我们迅速达成共识：我们都是在爱的人面前卑微进泥土的人。被爱的人不用道歉，之前我们还能互相安慰。<br><br>高四下册接近一模的时候，我在学校里过了18岁生日。<br><br>维尼给我寄了礼物，我最喜欢的歌手阿黛尔的新专辑。<br><br>一向很少被人关心的我心里满满都是感动。<br><br>后来维尼给我寄过书，寄过芒果干。<br><br>我也回寄过一些东西。<br><br>我说，你好得我都惭愧了。<br><br>他说，爱别人也是爱自己的表现，你值得别人对你好啊。<br><br>因为他的存在，我才开始慢慢相信，友情比爱情更死心塌地。<br><br>我才开始慢慢相信，我可以处理好和别人的关系。<br><br>我才开始慢慢相信，我真的值得别人对我好。<br><br>4.<br><br>后来我慢慢地从失恋的阴影中有了出来，我们聊天的画风就活泼了很多。<br><br>我是个记吃不记打的人，刚从上一段出来就想投入下一段感情。<br><br>那段我经常问维尼：“晋哥，像爸爸这么温柔善良的女子怎么就没人看上呢？”<br><br>他：“……你是不是对温柔善良有啥误解？”<br><br>我：“滚！”<br><br><br><br>他：“冲哥(他喜欢的那个女生)怎么就看不上我呢？”<br><br>我：“对啊，你也不差啊，比其他男生的手臂都要孔武有力呢。”<br><br>他：“……”<br><br>当时同桌还问过我：“你就没啥想法？”<br><br>我吓了一跳，嘴里的水差点喷出来。<br><br>然后坚定地摇头。<br><br>“以前我也想过，但觉得还是不要了。”﻿﻿<br><br>她一愣，皱皱眉头：“这还是我认识的那个是棵白菜都要去啃两口的牲口吗？”﻿﻿<br><br>我推他一把：“你想啊，其实我也有很多他看不惯的地方，他身上也有很多我不喜欢的地方，但是朋友之间会相互包容，换成男女朋友嘛……这些缺点就不能刻意忽视了啊。现在我觉得知道他过得好我就很高兴，是真的高兴。他过得不好，我也真的不开心。”<br><br>“这难道不叫备胎么？”同桌猛然甩出这么一句话来。﻿﻿<br><br>“备胎？我不知道，我真心希望他好。对别人我可能还有些私心不一样别人比我过得好。毕竟我是个好强婊。但对他，一定不会。他有啥事我可能比心疼男朋友都心疼的紧。”我严肃道。﻿﻿<br><br>“哎……”她忽然莫名其妙叹口气，“你就没想过更进一步？”﻿﻿<br><br>我摇摇头：“进一步可能失去得更多，我连备胎都不想做，别说男女朋友了，舍不得的。<br><br>5.<br><br>维尼后来去当兵，我们保持着一周一次的频率打电话。<br><br>五月维尼消失了一段时间，消息不回，电话不通。后来再出现时，他说他经历了很难熬的一段时光，周围人的压力和半月板损伤，差点就熬不过去了。不过现在他的状态已经很好了。<br><br>我说，觉得我好失职，我猜到你可能会收到什么打击需要鼓励，可是我联系不上你。<br><br>他说，我不想让别人担心我啊。<br><br><br><br>我常对他说，你是我发自内心觉得很好很好的人，从你那里我学到了很多。<br><br>他也总是说，是你们给我提供了机会。以前的那些人他们都知道我什么德行，在你们这些上大学之后认识的人面前我才可以重塑自己的形象。<br><br>6.<br><br>有人说不相信男女生之间有纯友谊。<br><br>我当他们还没遇到。<br><br>很喜欢的一个歌手叫张悬。<br><br>她和吴青峰那种超越爱情的友情历来被人称赞。<br><br>她在写给吴青峰的信中说：“我是一只牡蛎。我有想过要和你在一起，但我知道我应该永远都不要尝试去那样做。练习和你拥抱是我每天都会做的事。我不能丢下我的壳，但你可以拥有我的被子，在你需要被温暖的时候。”<br><br>之前苏打绿在香港live的视频，有人点了张悬的《关于我爱你》。<br><br>青峰嗔怪道：“诶，你们真是的！”旋即又问：“你们也爱张悬吗？”<br><br>台下齐声大喊：“爱！”<br><br>青峰笑着说：“那我就放心了。”那个表情真的难以忘怀。<br><br>能有这样惺惺相惜的朋友大概也是一种幸运吧。<br><br><br><br>我们没有在一起，却像家人一样，互相嫌弃又互相珍惜。﻿﻿<br><br>我们没有在一起，却互相理解互相鼓励，在对方的心中都占据很高的位置。<br><br>我们没有在一起，却在各自找到幸福之后主动消失，默默祝福，不让自己对对方的恋情造成一丁点儿的困扰，但是在最难过的时候一定能找到彼此。﻿﻿<br><br><br><br>最后，祝你们也能找到一个这样的人。<br><br>相互安慰，相互理解，相互成全。<br><br>却又无关风月。<br></p></div>', '78', '捕手志', '45', '98', '哲思', '12', '2017-08-10 16:03:52', '8789', '89', './images/article/12.jpg', null, null);
INSERT INTO `t_article` VALUES ('13', '孤独几种', '<p><!--StartFragment--><!--EndFragment--></p><div><p>去看周杰伦的演唱会，坐在一个八百杆子都打不着的看台座位，依然激动得想把衣服扒了折成飞机。<br><br>《晴天》钢琴版的前奏清澈地响起：从前从前，有个人爱你很久。我不知所措地把荧光棒放下，非常想跟谁打个电话，手机掏出来摇摇晃晃，没信号。那时我很疑惑，如果有信号我能打给谁呢。<br><br>下扬州的时候差不多烟花三月，去了大名鼎鼎的食为天，心想吃碗扬州炒饭多应景。我端着菜单兴致勃勃地点了一份红烧鲢鱼头，服务员看了我一眼，笑意盈盈地说：先生不好意思，我们这道菜是两条鱼起做，您一个人恐怕吃不完。<br><br>我呆了一会儿，说，哦。<br><br>那是一间很大的餐厅，我所在的大厅在办婚宴，人们嬉笑着分食狮子头，点58元一份的扬州炒饭，大概可以盛八碗。<br><br>其实我真的很想吃鱼头。<br><br>《大话西游》重映的时候朝圣般去看，影厅很冷清，隔壁在放《速度与激情8》，爆炸声不绝于耳。影片结束后很久没有起身，坐在那里想很多事，仿佛是我失去了什么。直到余光瞥见一个佝偻的身影，才醒觉这位老爷爷在等待最后一位观众离场。他是来打扫卫生的，却没有出声催促我。<br><br>我快步走过去，说了声谢谢散场得很狼狈。他看起来那么瘦小，沉默地立在那里。<br><br>有天夜里我做了梦，梦里梦见她说分手，长发飘飘看不清眼睛，转身离去的背影很酷。我很着急，跑不动，大喊过后睁开眼睛，血液倒流，心跳剧烈，却在半梦半醒之际庆幸：还好是梦。<br><br>下一秒魂魄归位，彻底清醒。现实世界里我们分手快一年了。我坐直身子茫然很久，起床喝水，喉咙里发出震撼的回声，在不知凌晨几点的寂静里“咕嘟”“咕嘟”“咕嘟”地颤动。<br><br>说说别人。<br><br>邻居家一对老夫妇，妻子是续弦，并不是本地人，听说没有亲人。她为人朴实，对这家孙子很好——太好了以至于有些卑微讨好的意思。后来老爷爷因病逝世，家里几个孩子为遗产闹翻了天，磨牙允血，竟再无人理会老婆婆。她一个人来，最后一个人走，这些年都是过客。不知她能去哪里。<br><br>前些年家里还未曾使用天然气，每到冬天都要买很多煤烧炉子。运煤的男人五十多岁，皱纹很深。最后一次他来这里，我家买了五百块蜂窝煤，他笑呵呵地跟我们道别：以后怕是没人再要煤了。通了天然气后，这碗饭就吃不得喽。<br><br>爷爷问他：那你以后怎么办呢？<br><br>他不说话，坐了一会儿说，歇够了，我接着往上搬。他弯着身子擦了擦汗，肩膀上的煤块太多，走得很不稳。后来果然不再见到，一个职业无声地消亡，仿佛一个时代随之死去。<br><br>爷爷年轻时看了很多书，老了之后眼睛出问题，逐渐走向失明。在尚有微弱视力时，某次去上厕所，灯泡忽然烧了，一片漆黑中他呼喊我奶奶的名字，大声地说：我看不见了！我看不见了！<br><br>我把他扶好坐下，仍然惊魂未定，惶恐地睁大眼睛打量失而复得的世界。家里人都嘲笑他胆子小，无风起浪。爷爷向来极是自负，那次却一声不响。他在一个人迎战命运。对于一个嗜书如命的人而言，丧失视力是最残暴的酷刑。<br><br>有次在北京三联书店看书，因为是24小时书店，所以离开得很晚，大概凌晨三点。北京哪儿都有光，很亮，我精神抖擞地闷着头使劲走。忽然路边有一不明黑色物体，发声的方式很奇怪。原来是个人，她在呕吐。<br><br>我踌躇了很长时间用不用上前递张纸巾，又怕被当成臭流氓。过了会儿她抬头看见了我，似乎还化着妆，笑了笑，威风凛凛地离开了。因为醉酒，走路的姿态很难看。<br><br>这星球上每个人都孤独。说不孤独大抵是不自知。然而孤独是蜗牛壳内的肉质，不该被坦荡地提起，只好闭着眼睛听李志呢喃：“我们生来就是孤独，我们生来就是孤独。”心里潮湿一片。<br><br>我参不透，但看得开。我图省事儿经常一个人吃饭，看电影，出去玩儿，套用刘同老师的话就是：我一个人喝可乐，一个人喝雪碧，一个人喝醒目七喜，所以我的孤独虽败犹荣……我得先乐一会儿哈哈哈哈哈哈。刘同老师真棒！<br><br>那些时刻跟孤独无关。孤独也跟成败无关。有时候我刻意选择一个人，只是天性使然，在拥挤的房间里，我想理解的人只有自己。而有时候，我忽然对某人有所期许，偌大的房间空荡无人，孤独才如潮水般袭来，令我衣衫尽湿。<br><br>良辰美景希望与人分享，有人可以倾诉，或许是最肤浅的孤独。再深一些则是被误解，被孤立，就像是肚子里封印着九尾的鸣人，背负原罪无法洗刷，令人心生绝望。好在他的内心比这个冷漠的世界更加广阔。<br><br>我所能想到的最深层次的孤独，就是不知所起，没有出路，摸不着头脑，却结实地击中你内心的缺口。从前看余光中的文章，彼时他新婚燕尔，娶的是魂牵梦萦的远房表妹，两人情投意合，一起旅行。人生完好如他，竟也被小镇的钟声惊醒，庄严漫长，心中幽凉如中世纪。他称此为“断肠人在天涯”的时刻。“合夫妇两心之密切，竟也难抵暮色四起的凄凉。”<br><br>《孔乙己》里，那个穿长衫的人说：“你可知茴香豆的茴字有几种写法？”<br><br>《算死草》里，周星驰说：“我很孤独”用英文怎么讲？<br><br>莫文蔚清楚地说：I Love You.<br><br>《海上钢琴师》里，1900说：嘿伙计，你是不是晕船啊？<br><br>既然孤独与生俱来，永不老去，我们这一生风尘与奔波是否只是自欺？<br><br>没准儿还真是这样。然孤独是真实而永恒，渴望不再孤独，有人理解，完满内心的缺口诸般心情也是真实而永恒的。在充满失望的旅途中不断燃亮新的希望，大概也是人生的趣味之一。<br><br>有次我徒步走在山路里，穿越漫长如黑夜的恒山隧道。手机失去所有信号，打开手电辨认方向，身旁不断经过大型货车，风声震耳。因为本身不允许步行，没有划设人行道，我贴着墙壁走得很缓慢。<br><br>我知道这条隧道终有尽头，却不知道何时才是尽头。我紧握手中微弱的光，忽然发觉自己既孤独又自由。直到从隧道走出，阳光重新照耀在我身上，回头恍若隔世，心中平安喜乐，也是孤独一种。<br></p></div>', '54', '沐丞', '546', '456', '谈谈情，说说爱', '13', '2016-02-11 16:03:56', '45', '465', './images/article/13.jpg', null, null);
INSERT INTO `t_article` VALUES ('14', '我原来差诺贝尔经济学奖也没多远', '<p><!--StartFragment--><!--EndFragment--></p><div><div data-note-content=\"\"><p>读经济学的时候，尤其喜欢经济学理论，入门级别的宏微观经济学已经不能满足胃口，于是钻研计量经济学、数理经济学等，别人都对各种理论头大，我则当作是金庸小说里的武侠门派之间比武。理性预期学派与古典学派，货币学派与凯恩斯主义等等，这读起来像是华山派气宗与剑宗之争，或是经济学的东邪西毒南帝北丐。后来在写哈耶克与波兰尼之间的争论时，我直接就用了金庸小说里医仙与毒仙之争。<br><br>但越读经济学越觉得，从亚当·斯密开始，是不是就错了？“理性人”的假说是不是忽略了人性的另一面？经济学罔顾道德与伦理，尽量将自己往数学上靠近，而不是人文学科，是否有问题呢？<br><br>于是，我抛弃了经济学，转向了哲学，去做进一步的深思。无奈，哲学家都比较清高，对于俗世的经济学显得并不关心，只有古希腊米利都的泰勒斯好像利用知识投资橄榄赚了钱，后世哲学家好像都对天上的星星和内心的道德法则比较感兴趣。最后，我也只能将自己的研究兴趣放在近代的德国哲学家齐美尔，也就是他出了一本《货币哲学》的专著。<br><br>这位关注货币带来的自由，同时也带来了人与人之间疏离感的哲学家，只在文化研究领域里稍有名气，经济学家没人知道，更别说主流经济学家没人关心货币与自由的关系。<br><br>直到后来，读到了丹尼尔·卡尼曼，一位心理学家，获得了2002年的诺贝尔经济学奖！原来，早有心理学家发现了经济学理性人假说的缺陷，通过颠覆这一学科最根本的假设前提，才能动摇经济学的根本。到此才发现，自己逃离经济学后，选错了专业。<br><br>读《思考，快与慢》的时候，知道我们的直觉如此不靠谱，但我们又如此依赖他。<br></p></div></div>', '84', '二九七月', '13', '465', '漫画手绘', '14', '2017-09-12 16:04:02', '45', '666', './images/article/14.jpg', null, null);
INSERT INTO `t_article` VALUES ('15', '\r\n那此生不得再见的我', '<p><!--StartFragment--><!--EndFragment--></p><div><div data-note-content=\"\"><p>中秋节<br><br>那天晚上，去看望爷爷。正赶上连日来紧凑的秋雨歇歇脚步，凉飕飕的空气却依旧从脖子灌到脚心。<br><br>我还是来了。在今年这个中秋节。<br><br>在门外徘徊了几分钟，有一段时日没联系过爷爷了，我心想着，终于像是鼓起勇气似的“咚咚咚”敲门，可他并不知道我已经来了。<br><br>我拨通了爷爷家的座机，那略显干涩的声音特别在电话里交代，“爷爷，我已经在门口了。”那天那个满七十岁的爷爷，头发花白，裹着老式军绿色棉大衣，穿着卡其色长裤。如果他是背对着我的，我很担心光从背影看会完全认不出他，倘若是从后面喊，他可能不会回头，因为听不见，上了年纪的他听力严重衰退。<br><br>爷爷给我沏了一杯茶水，照例问我的近况，关心我工作上的事情。我没有直接说出已经辞职三个月的事实，而是打开那盒带来的披萨，“爷爷啊，中秋节了，我看外面卖月饼的太多了，也不知道哪个好吃，所幸买来这个给您尝尝，还热乎呢！”<br><br>“这是啥玩意儿，还没见过呢？”爷爷皱着眉头并不知道怎么吃。<br><br>“这是披萨，切好的，你戴上手套拿一块儿尝尝。”我这样说着，边教着他怎么操作，看着他胡子拉碴的嘴巴一下下蠕动。<br><br>“今天第一次吃这个，还挺好吃。”爷爷笑了，待转过脸后，他的表情蓦然变得呆滞瞬间没了生气。<br><br>我自己一点也没料想到，竟是突然害怕起来。然后不知何时起，爷爷凝视那虚空深邃处唤醒了我心中不愿意接受的部分。循着那个目光，爷爷正望着衣柜上奶奶的遗像，不知不觉笨拙地迈起步子走近。<br><br>奶奶去世至今，也快满一年了。从发生的那一刻起，我和我爷爷同时开始拥有了一个秘密。可是，真的永远不能知晓那是什么。<br><br>——然后，从那时起，我学会了更加倾向于通过自己亲人的眼睛观察事物。记忆里的奶奶从来没有像平静地躺在那里让我印象深刻并深深难过，而爷爷只要通过自己的老花眼来看，更一定的说，就会在他身体里，在这个家注视着面前的奶奶。<br><br>“儿子回来过了，孙子也回来了，好不容易能团圆了，你又回不来了，回不来了啊......”<br><br>其实，爷爷是“今生第一次”吃披萨，但是我好像是一个骗子耍了个把戏，当场就被揭穿：奶奶没有来，也回不来了。爷爷并没有习惯生活在死去的奶奶的影响下，他也并没有试图在奶奶偏瘫在世时有过如今的懒散，每天饿了才想起做东西对付着吃下去。<br><br>爷爷流下眼泪。无声无息又是那么轻易，这与他告诫我的话不相符合，那是我还在上大学时，父亲出狱不久的那段时间。我瘦的不像话，也不注重自己的仪表打扮，让他看出了我一副低沉的模样。于是我们面对面坐着，也没有很多的交谈，我得到了一个信号抬起头望着爷爷那双眼睛，看不出任何忽暗忽明，闪烁不定。他握着我的手，“你这么多年都没有来看过爷爷和奶奶，爷爷奶奶一起都扛了过来，年轻人不是更应该朝气蓬勃吗？”<br><br>为了弥补父亲在我从出生到成年的十八年没有履行到的责任，爷爷拿出了几万块钱来供我上大学。为了想办法消除隔阂和对父亲毫无感情的冷淡，不断在其中调和拉近我和父亲的距离，告诉我那些不堪回收的往事，以及其中复杂的误会和矛盾。可是，我并没有领情，甚至反而发自内心的鄙视现在的他们。<br><br>我心眼里本就是记恨我父亲的，在有了家室并且我已经降生的状况下，仍然讲究哥们义气，去包庇他的战友入室抢劫，最后害死两条人命。“那是穷得急红了眼，在当时的条件下，就是当过兵也不是很圣洁的代表，过去很多人当兵就是为了混口饭活下去！”对于爷爷解释的这些实在远离我的事，我最开始很厌恶地看待。<br><br><br>奶奶因为这些事情精神紊乱，让本就破碎的家庭更加雪上加霜。我母亲担心我会因此受到很大的伤害，向我爷爷提出要单独带我生活，希望我能够尽可能快乐地成长，相安无事。奶奶知晓了母亲和我的远离，情愿认为是为了不给她见到孙子的机会。某一日我放学，母亲刚接我出来，便遇到了奶奶疯疯傻傻地跑过来，一把揪住我要把我拉走，我母亲见状着急了，也拽着我不松，紧接着和我奶奶理论了起来。<br><br>她们的争吵声愈加巨大，我当时夹在她俩中间，像是橡皮糖一样被随意来回撕扯，吓得大声哭了出来。之后，奶奶面目狰狞与我母亲大打出手，我看着奶奶的拳头狠狠正中我母亲的左眼上，听着来自各方的惨叫，“这有人抢小孩了，报警！快报警！”我从瞬间围的水泄不通的人流挤出来，边跑边哭，那是比看到鬼怪更可怕的感受，我拼了命跑，根本没有方向，仿佛一切都堕入苍茫虚无。<br><br>从那以后，班上很多同学不知从哪里得知了我们家的事情。有人在背地里对我指指点点，不喜欢我的人看见我就戳着我的脊梁骨骂我：你是杀人犯的儿子。每每意识到小学时这个可怕的记忆，我都把它怪罪于是自己为了逃避，不愿意这样承认而产生的痛苦。我母亲的希望落空了，如同她那快要变瞎的左眼。<br><br>我很长时间都活在自卑和抑郁两个介质里，也全都怪罪于其它男生应有的男子汉气概，作为男人的强势特质和自己的懦弱特质的差异。我一点都不想承认，一个人的天性是可以改变的，大多数场合我都是孤独的一人，经常情不自禁地闭上了眼。经常的眼睛莫名疼了起来，在紧闭的双眼中，有一道道红色条纹般的东西在时隐时现......<br><br>当然，我是现在的我。毕业后的我独自背着包去往上海，远离在这座成长的自己，看着它越来越小。让那么多我人生中的“第一次”越变越大，直到自己又在新鲜的事物面前感受着未来还有多么遥远，飘渺的路要走。<br><br>直到奶奶去世三天了才知道她不在了，还很淡定的询问同事是否需要回去看看。<br><br>我真正爱着的恨着的是这个人吗？那是我奶奶，小时候在她家，她会给我洗脚丫，洗屁股；她知道我怕黑，所以每天睡觉都会紧紧楼着我，把热水袋敷在我脚掌上。她还会在我哭闹时逗我破涕为笑，在街上遇到熟人时喜欢说我是很乖很听话的“小姑娘”。<br><br>一旦任何感情超出了某种限度，都反而变成了折磨。<br><br>中秋节那晚。最后我临走前，爷爷哭了，他哭着告诉我，我奶奶回不来了，因为有十年没有见过我，她患上了脑血栓，得了偏瘫，最后在去年冬天某个夜晚，安静地停止了呼吸，他骂着那一晚没有及时惊醒送奶奶到医院急救；他哭着告诉我，他前段时间去医院检查了一次身体，医生查出他血压高，心律不齐，还有久久不能根治的糖尿病；他哭着告诉我，他觉得生活没意思了，没意义了。<br><br>然后，我要到哪里呢？我去到哪里......我终于理解了，应该是因为，人生有许多重要的第一次应该被打开，而过去的每一次，一说出来，就永远地过去了。错过的绝不会回头。我错过了很多第一次，错过地球自转的每一个微小的时刻，此生不得再见。<br></p></div></div>', '4', '眼镜姑娘_ ', '4561', '4111', '书法', '15', '2017-09-18 16:04:05', '555', '444', './images/article/15.jpg', null, null);
INSERT INTO `t_article` VALUES ('16', '继续生活：《寻路中国》读后感', '<p><!--StartFragment--><!--EndFragment--></p><div><div data-note-content=\"\"><p>《寻路中国》的书名与副标题（“从乡村到工厂的自驾之旅”）十分迷惑人，我将之当作旅游散文买下来，沏好咖啡，将阳光迎进屋内，打算惬意地欣赏一番，然而只翻两页，看到作者何伟把机动车驾驶员理论考试题抄出来的时候，我兴奋而尴尬地笑了，我自己考驾照时也背过、考过。大部分题目匪夷所思地体现出形式主义的精髓。譬如书中提到的一题：如果别的驾驶员停车向你问路，你应该： A）不告诉对方。B）耐心细致地予以回答。C）给他指一条错误的道路。<br><br>继续读下去，当何伟将中国驾驶员的各种鸣笛方式归纳为“负责传导驾驶员的本能反应”的神经学语义系统时，我哈哈大笑。<br><br>这一段是如此写：一下短促的“毕”声，用以引起注意。连续两声“毕-毕”表示愤怒。如果是一阵特别悠长的“毕————”声，那代表着驾驶员遇到交通拥堵了，他已经没有边缝可钻，正巴不得路上所有的人和车统统消失。如果有“毕————————”声回应，说明他们动弹不得。另有一种略带口吃的“—毕—……—毕—”声，代表着驾驶员除了痛苦就再无别的感觉。还有一种事后才摁一下的“——毕”声，这一般是新手们的做法，他们通常反应迟缓，还没来得及摁喇叭，刚出现的状况就已经自行化解。<br><br>我即刻知道，这本书的内容将是比旅游散文深刻数倍的事，而这种深刻，也将从这些无意义、甚至好笑的碎片中整合出来。《寻路中国》最终能够勾勒出中国这十年发展的一条脉络，功劳几乎全要归功于类似的琐碎细节。譬如这套“喇叭语义系统”，好像是作者随意的观察与幽默的表达，但它与书中的内容暗地里有广泛地联系——中国汽车爆炸性的增长过程与城市道路建设的无能为力导致了拥堵时的喇叭声，在这场增长跃进中，有国民收入增加后的自觉意识，也有政府刻意的刺激。国外汽车公司从八十年代的无所适从，到新千年慨叹“钱太好挣了”；国内类似奇瑞的公司，从购买国外过时发动机生产线起家，依靠“抄写”设计制造廉价国产汽车并以此获得巨额财富。<br><br>在书中第二部“村庄”中，何伟以他观察到的各种生活细节描述了一个京郊农民魏子淇的生活轨迹。魏子淇一家从贫困到小康，原因之一便是汽车年代的到来，城里人将驾车郊游作为时兴的生活方式去追随，魏子淇改造了自家的屋子，使之成为一处“农家乐”，提供农家菜和住宿，他在几年内便获得了比以前种地多几倍的收入，而他在有钱之后，终于也要买一辆车以作为自己的地位标识。<br><br>与汽车问题紧密相关的是道路问题。作者何伟写本书第一部分“城墙”时，租了一辆本应是越野之用然而却设计成“city special”的切诺基7250，顺着长城遗迹，经国道、省道、乡间小道这些非高速路从北京一路向西驶去。第二部“村庄”，何伟则见证了乡村道路从无到有的过程，这些路几乎全为了将城里人引入乡村，并带来经济繁荣。第三部“工厂”里，何伟开始描述高速公路全面铺开的年代，他顺着浙江的高速公路一路开过去，路旁布满了各类工厂，而他采访的其中一间胸罩调节环厂，正是推动中国经济发展的劳动密集型产业标本，他笔下那些鲜活的老板、中层技术工人、刚刚出来找工作的未成年女工，撑起了这些经济体。<br><br>看《寻路中国》时，我沉迷于作者笔下那些中国人、那些最底层人民这十年迅速流变的生活状态，并未注意到“道路”在书中的脉络。掩上书，作者驾车行驶的那些道路开始在脑海中清晰起来。这些仿佛巨型魔术一样铺设出来的城市道路、乡间公路、高速路，将亿万中国人带到不同的地方，将农民的土地与老式生活状态彻底瓦解。这些道路建设的伟岸成绩，由专政者在发展压制一切的观念下，花费巨额资金刺激出来，击垮了中国本来存在的一切其他观念。而中国就是这样继续向前，继续“在路上”。如此一看，书名“Country Driving”真不能再贴切了。<br><br>极可贵的，本书作者没有武断地将中国整体的险恶发展状态怪罪到任何人头上，他也没有怪罪中国政府。他在具体的生活中发现，如今的可怕状态很难说有一个具体实在的魔怪在作祟，或者实际上我们每个人都是这个魔怪的组成部分。<br><br>“村庄”的故事中，魏子淇起初说自己对政治不感兴趣，他在一开始也的确如任何一个勤恳的农民，勉力经营自己的生活，后来他主动入了党，参与村级政府的议事，因为他知道这个身份会为他的农家乐经营带来实际的好处，他有村委会的支持，于是从银行贷到款扩大经营。“工厂”的故事里，那些温州老板们与官员们在拉关系上的互动，全部主动得没有一丝抱怨，而中华香烟和茅台酒这些礼品的流转，代替现金成为关系结构中的硬通货币。“工厂”这一部分中，何伟还提到了一个希望找到外国媒体曝光不公的生意人，他与一些镇民一样，因为水利工程的修建而被迫搬迁，却没有得到公平的补偿，他相信那个大坝的融资有严重的问题，并与政府做着斗争，但同时他作为一个地板砖销售商，又在搬迁新镇的工地里做生意并获得利益。<br><br>何伟没有批判他，因为他相信这至少是国人弄清真相与基本问题的起点，而解决问题的动力正是经济。他清晰地指出：“中国需要发展到某个点上，让中产阶级和上层人士都感觉到，这样的体系对他们获得成功已经形成了障碍。不过，这种情形还没有发生，即使在高速公路出口的小城镇里也没有发生，因为他们仅凭着卖几块地板砖也能赚到大钱。”<br><br>也就是说，人们既觉得不满而抗议，但他们又能想尽办法绕过障碍获得丰厚的利益，所以没有人真的想为真正的改革做些什么，而是在现有的恶魔般的体系内继续钻营着。这种矛盾的漩涡处处可见，譬如造成“喇叭语义系统”的原因——城里人他们一方面振振有词地辩论应该如何行车更文明，另一方面上了路就和别人一样刁钻地冲撞，理由当然充分得很：不野蛮一点，在城里是开不走车的，而野蛮地将车开起来，也是一种胜利。<br><br>或者人们一方面痛骂政府，另一方面自发地组成了国考的大军。又或者一方面做一个口头有良心的知识分子，另一方面以这种名声博取良好的生活条件。这些情形，为数众多，千篇一律，司空见惯。这种矛盾漩涡令我们失去了洁身自好的可能，毕竟，连出家的地方也都一片乌烟瘴气，和尚一边念经，一边收着香火钱来办公司。<br><br>这本书最吸引我的地方，是何伟带来的新闻写作方法。他像魔术师一样把自己观察到的种种细节粘合在一起，组合成一幅令人担忧、却并非漆黑一片的中国图景，最重要的是，我看得到有生命力的人。我一度想，是否因为他是个外国人，未曾卷入国人的真生活，才得以如此客观地描述我们的当下。但似乎又并非如此，像《南方周末》、《新世纪周刊》、《凤凰周刊》等等做深度报道的报刊，也都尽量以详尽的调查，将许多问题揭露与展示出来。但他们的文章缺乏令人感动的魔力，不是将细节堆叠得毫无生命力，就是观点并非从细节中来、而将细节强行纳入预设的观点中。我看完他们的报道，总是看得到问题，看不到人。现在国中即便是最好的新闻报道，也还缺乏对具体的人的关怀，太注重对不公事件与观点的关怀。<br><br>正是何伟描述的这些生动的人，让我觉得我可以更加不相信《新闻联播》，但我也确认了另一样早就在警惕的问题，即我也不能全然相信门户网站的新闻全面负面化。这种负面新闻的排列在当下有令执政者警醒的意义，这些网络编辑们努力地让我们看到官媒之外的真相，这是极可贵的。在官媒把持主要传播渠道的时候，这些门户网站的斗争是抵抗1984状态最有力的武器。<br><br>而我们自身要做的是，避免每天早晨起床看到这些新闻就觉得自己深陷于一个恶毒的世界。这会让我们忘记了真正经历的生活，忘记去体察事情运行的真正缘由。其中最可怕的，就是忘记我们自己乃是造成这个恶毒世界的一份子。<br><br>我们有必要在《寻路中国》的细致观察中对我们生活的这个国家做一次重新的考量。我仿佛第一次得知我并不是在一片漆黑中行走，而是看清了一些无可救药的肌理，又看到一些被治愈的可能性。也许最好的状态就是，叫嚣者继续叫嚣，愤怒者继续愤怒，反抗者继续反抗，探路者继续探路。我们需要喧嚣的声音，而每一个生活者，必须在喧嚣中心的宁静地带继续生活。<br></p></div></div>', '78', '魏清萍', '778', '3333', '美食', '16', '2017-09-01 16:04:12', '111', '311', './images/article/16.jpg', null, null);
INSERT INTO `t_article` VALUES ('17', '《聊斋志异》里的脂粉英雄\r\n《聊斋志异》里的脂粉英雄\r\n', '<p><!--StartFragment--><!--EndFragment--></p><div><div data-note-content=\"\"><p>※&nbsp; 此女只应天上有<br><br>聊斋里的女主人公，一般都有名字，而她，从头至尾，蒲松龄就一个字——女。除此，她的行径也颇不寻常：<br><br>“艳如桃李，而冷如霜雪”，凛然不可侵犯；做针线奉养老母，穷得揭不开锅，却不找长期饭票；对于顾家母子的资助，“受之，亦不申谢”；一面拒绝顾母求亲，一面却端茶倒水、缝衣纳鞋、病榻服侍，作足儿媳本分；主动与顾生燕好，偏强调：“事可一不可再”；一刀结果狭亵之徒的好身手，又闪烁其辞：“此非君所知”；无名无分，却为顾家延续香火。<br><br>这是一个像谜般神秘，让人费解的女子。好在最后，蒲松龄终于不再卖关子，谜底揭晓。她，原是遭人陷害，籍没家产的官宦之女，隐姓埋名三年，徐图报仇。如今，母亡孝尽，顾家之恩亦报，仇人首级到手，她挥挥衣袖：“我大事已了，请从此别。”<br><br>蒲松龄谓之侠女。观其不食人间烟火，不受世俗羁绊的洒脱，分明透着几分仙气。活得刚劲有力、潇洒自如，真是让人羡慕！或许，此女只应天上有。<br><br>※&nbsp; 后母未必要成佛<br><br>据说，凡是后母做得成功的，最后都是修炼成佛。“只问耕耘，不问收获”，是为人后母者，需时刻牢记的修炼宗旨。然而，聊斋里的细柳，却演绎了截然不同的一幕。﻿﻿<br><br>故事开头，蒲松龄便说，只因她长得轻捷袅娜，人戏呼之“细柳”，这实在是障眼法！“细柳”典出《史记•绛侯周勃世家》，汉代周亚夫屯军细柳，汉文帝刘恒前去慰军。因无将军命令，天子竟不得入军营。后代遂以“细柳”营称呼纪律严明之师。一寡妇兼后母，若非独撑家业、治家严明、教子有方，又怎配有此大名？何戏之有啊！﻿﻿<br><br>细柳痛下狠手教育亲生儿子，甚至不惜设伪金，使其蹲大狱，吃苦头反省，从此洗心革面。这条不难办到，世人顶多一句“可怜天下父母心”！实施起来，毫无心理压力。难得的是，她不避嫌疑、不惧诽谤管教前房的儿子。正如文中细柳自言：“我不冒恶名，汝何以有今日？人皆谓我忍，但泪浮枕簟，而人不知耳！”﻿﻿<br><br>蒲松龄在文尾赞道：“此无论闺闼，当亦丈夫之铮铮者矣！”细柳受之无愧。<br><br><br>名花高占一枝春&nbsp; 忍听簧言别赠人﻿<br>留得黄金无用处&nbsp; 分明阿母误儿身﻿<br>&nbsp; &nbsp; &nbsp; &nbsp; &nbsp; &nbsp; &nbsp; &nbsp; &nbsp; &nbsp; &nbsp; &nbsp; &nbsp; &nbsp; &nbsp; &nbsp; ——《云翠仙》<br>※&nbsp; 当生米煮成熟饭﻿﻿<br><br>孔子云：巧言令色，鲜矣仁。是说那些巧舌如簧之辈，基本没安好心。孔子又云：今吾于人也，听其言而观其行。意指不但要听他讲了什么，还需观察他的行为，即是否言行合一。﻿﻿<br><br>道理人人皆知，但真要做起来，却不易。因为人是感情动物，耳皮子软，爱听好话，几乎是人之通病。聊斋里云翠仙的母亲就是被花言巧语，哄骗得云里雾里，稀里糊涂地将“远山芙蓉”似的女儿，嫁给猥琐而轻薄的“遢伎儿”——梁有才。﻿﻿<br><br>当生米煮成熟饭，云翠仙该怎么办？将错就错，与市井无赖同流合污？不不不，这绝非她能忍受；那么，相信人之初性本善，对其进行改造？否否否，江山易改本性难移。所以，她的计划是，让母亲认清梁有才的真面目，支持她挣脱牢笼。具体策略三：其一，藏起黄金装穷；其二，不显露娘家富贵；其三，曝光梁有才卖妻为妓的豺狼面目。﻿﻿<br><br>最终，云翠仙重获自由之身，而梁有才亦自食其果。然而，事情真算圆满？终不及防患于未然。正如题图诗云：分明阿母误儿身。为人父母须警戒，除非你的眼光百发百中，否则莫轻易指点儿女人生。﻿<br><br>※&nbsp; 青梅煮酒论英雄﻿﻿<br><br>看小标题，诸君必疑，怎么说起三国来。一盘青梅，一樽煮酒，曹操与刘备对坐畅饮，谈论天下英雄。当曹操说到：“唯使君与操耳”，刘备闻之大惊失箸。幸好一声惊雷，将其失态掩饰过去。不得不佩服曹操的眼力，自知，亦知人的智慧。﻿﻿<br><br>因此，蒲松龄把与曹操一样慧眼，“能识英雄于尘埃，誓嫁之志，期以必死”的婢女，取名为青梅。她的聪明，蒲松龄以六字形容：以目听，以眉语，此等人物岂是泛泛之辈？﻿﻿<br><br>她不过是偶见张生事亲，便断言“吾家客，非常人也”，怂恿小姐“不欲得良匹则已；欲得良匹，张生其人也”。搞定小姐后，青梅又说服张母求亲，以贫家攀附高门。只可惜，对方嫌贫爱富，有眼无珠。有心成人之美却遭阻，青梅干脆一不做二不休，自个夜奔张生，把握机会，飞上枝头变凤凰。﻿﻿<br><br>蒲松龄借青梅的故事，总结出三德——礼、孝、信，并谓：“有此三德，天必祐之，其无患贫也已。”今人常感叹遇人不淑，又苦于鱼目混珠，识人辨人确实是大智慧。或许唯有放下利害得失，方能作出清醒判断。<br><br><br>风波忽地起同舟&nbsp; 荏弱蛾眉竟复仇<br>悲见苍苍怜节烈&nbsp; 三星重许赋绸缪<br>&nbsp; &nbsp; &nbsp; &nbsp; &nbsp; &nbsp; &nbsp; &nbsp; &nbsp; &nbsp; &nbsp; &nbsp; &nbsp; &nbsp; &nbsp; &nbsp; &nbsp; &nbsp; ——《庚娘》<br>※&nbsp; 假使泰山崩于前<br><br>“泰山崩于前而色不变，麋鹿兴于左而目不瞬”，出自苏洵的《心术》。苏轼也有句类似的，“天下有大勇者，猝然临之而不惊，无故加之而不怒。”看来父子俩对于临危不乱，有勇有谋的英杰十分推崇。<br><br>而聊斋里的庚娘就是一位沉着冷静，不作无谓牺牲，同时伸张正义的巾帼英雄。她在躲避战乱途中，逃难的船上，亲眼看着自己的丈夫、公婆被恶人推入水中溺亡。但她不慌不乱，先假意迎合对方，等其放松警惕，酩酊大醉时，手起刀落，复仇成功。她还留下书信，公布恶人罪行，让大家明白师出正义，罪有应得。<br><br>庚娘是太守之女，美丽并贤惠，敏锐且机警。一开始，她就提醒过丈夫：“勿与少年同舟。彼屡顾我，目动而色变，中叵测也。”可惜，男人没当回事，招来灭门之灾。蒲松龄盛赞庚娘：“至如谈笑不惊，手刃仇雠，千古烈丈夫中，岂多匹俦哉！”<br><br>明末李自成攻入北京，崇祯皇帝煤山自缢，宫女纷纷跳金水河自尽。一费姓宫女，被农民军救起，见其色丽绝，献于将领。费氏也是假装驯服，伺机刺死对方，然后自杀。小小宫女尚且不肯忍辱偷生，那堂堂蓟辽总督洪承畴又有何脸面？<br><br>※&nbsp; 世间真有女豫让<br><br>聊斋里的商三官出阁在即，家里突遭横祸，父亲被恶霸打死。两个哥哥四处告状，一年过去了，却毫无结果。男方家等不及，想迎娶三官过门，商母打算应允。可她回道：“焉有父尸未寒而行吉礼者？彼独无父母乎？”将对方问得羞愧而退。<br><br>三官深知依靠官府，凶手不可能得到惩办。因此，她说服哥哥葬父，入土为安。然后，自己不告而别。半年后，乔装打扮的三官混入恶霸家，并将其身首两段。<br><br>对于商三官以霹雳手段，为父报仇之举，蒲松龄给予褒奖。将其比作“漆身为厉，吞炭为哑”，自毁形貌为智伯报仇的豫让。他甚至说，连“风萧萧兮易水寒”的荆轲都要让位给三官，可见赞誉之高。但有人也许会叹，冤冤相报何时了！<br><br>民国奇女子施剑翘为父报仇，枪杀军阀孙传芳，血溅佛堂案，真人真事，可与之对看。世间真有女豫让。<br></p></div></div>', '456', '金春妙', '1123', '787', '社会热点', '17', '2017-09-03 16:04:15', '666', '11', './images/article/17.jpg', null, null);
INSERT INTO `t_article` VALUES ('18', '银行孕期女性二三事', '<p><!--StartFragment--><!--EndFragment--></p><div><div data-note-content=\"\"><p>文|声波大银<br><br>银行七年，今天说说我最在意，甚至可以说是听了都后怕的事情。<br><br>银行作为金融行业里压力相对较小的单位，女员工的比例挺高的，一般占比是75％左右，越是基层女员工就越多。年轻的女员工基本都会经历怀孕、生孩子、休产假的过程。银行内部人员流动性较大，一般是2-3年要么换工作地点要么换工作岗位。<br><br>假设一个23岁左右本科毕业的女性，进入银行工作两年左右可能就会面临结婚生子，一般来说那时候她要么就还在基层、要么就是刚经历过轮岗还处在新岗位的适应期，压力普遍会比较大。这种压力到底会不会影响到怀孕生子？休产假会不会影响后续的岗位安排？事实上，就我所看到的，很多同事为了能保住产前的岗位，会在产前两三天才开始休假，然后只休二个月的产假（我们实际有四个多月的产假）就回单位上班，以此降低被替代的可能性。<br><br>女同事A，2010年入行，某重点财经大学的财务和管理学双学位，在前台做柜员一年半后，到综合部做人力资源，工作状态剽悍，一直主动积极任劳任怨。有一天因为持续三天加班而直接晕倒在办公室，当时她已经怀孕了2个月，医生告诉她体质偏弱需要休养保胎，因此她不得不请假回家养胎直到生完休了四个月产假回来。前后差不多有一年时间没上班，她的岗位自然也就被人顶替了。等她回来上班的时候，因为部门的管理岗位已经满员了，她原来那个岗位也有很熟练的人员在做，于是她就被安排到前台做柜员，无法接受又回基层的她选择直接辞职走人。﻿﻿﻿<br><br>女同事B，某211大学研究生，2011年入行，2013年结婚，此人情商智商都比较高，工作能力不错，深受领导的喜爱和同事的认可。她不管做什么岗位都是尽心尽力，加班应酬是常事，从前台柜员做到了部门经理，一路顺风顺水。可是因为身体激素不稳定内分泌失调，备孕多年至今未怀上孩子。大家都觉得这是因为她平时工作太拼了，经常熬夜导致了内分泌紊乱。﻿﻿﻿有人心说了，各行各业里都会有类似的事情发生，你身体素质不强，难道也怪单位吗？对此我的看法不一样，其实就在我们系统，部门经理这一职位对好些人来说都是轻而易举就能得到的东西，而这位女同事是付出了很大的代价才堪堪得以保住，我们也都是看在眼里的。付出与回报平不平衡，各人心里自当有数。不要太傻太天真。<br><br>女同事C，客户经理，怀着孕的时候还坚持经常在外面跑业务，四个月的时候孩子没有保住，一年后又怀上了，这次小心又小心，主动减少业务开发，经常在办公室待着，结果怀了六个月的时候又检查孩子心脏有问题，这次还是没有保住孩子。后来听她说办公室的窗户口开得小，比较闷，一般在办公室里面孩子都很少有胎动，应该会对孩子的发育有影响。可是她当初也没把这个当回事，现在后悔也是于事无补了。﻿﻿﻿<br><br>这些事情恰恰反映了体制内工作的一大天然矛盾所在。相比于私企或外企，多半国企的工作强度和压力都偏小一点，外人看起来仿佛自由度比较高，工作氛围比较和谐自然。但是实际上，体制内“人治”的力度偏偏要大一些。看似稳定的工作岗位，不知道因为什么就会面临调动，通常是领导一句话，说走就得走。说白了，你的发展怎样绝大部分由一个领导说了算，你有多努力倒是其次了。摊上好的算你走运，摊上不好的就只能被动挨宰。<br><br>身边的女同事不止以上三个在生孩子的事情上经历了些不顺，我们银行能顺利怀孕生娃又不影响工作岗位的女同事简直是屈指可数。﻿﻿﻿我们租用的办公室格局设计闭塞，三边围墙，只有一边有那种向上抬起四十度角开启的窗户，通风条件极差。每逢冬季，一进到办公室内，就觉得空气压抑浑浊。大部分女同事就是天天身处这样的工作环境，又坐在这里孕育着自己的下一代。不是没有人反应过这类事情，但是一次次地都是石沉大海，无人理会。<br><br>久而久之，大家都选择沉默，或是自己也麻木了、习惯了。毕竟在体制内，很多时候一个人总跳出来讲要求提建议，会被当做眼中钉和肉中刺——“别人都能坐得住，怎们就你事情多？”<br><br>作为一个新婚未育年近三十正在备孕的银行客户经理，我在生孩子的事情上真的是得好好考虑。﻿﻿﻿这些事情也正是我在银行工作了七年，最终萌生去意的重要因素之一。<br><br>组织靠不住，自己还不得长点心吗？<br><br>首先得明确的事情是：生孩子和工作到底哪个重要？ ――当然是生孩子！﻿﻿﻿工作是为了生活，生活的重心不能全部落在工作上。<br><br>工作是挣钱养活自己进而实现自我价值和的事情。目前业绩不好工作压力挺大的，越是这样，我越是想要更加努力一些，希望能把业绩提起来，不愿意成为一个挫败感强而工资绩效低的人。生孩子是我特别想要的一个经历，是我在家庭和人生规划中都占有绝对重要地位的一件事情。﻿﻿﻿起码这份工作，还不足以与之抗衡，它不配。<br><br>再考虑一个问题：我怀孕生娃会不会影响到我的职位和岗位？――我是不会。<br><br>目前我做客户经理又快一年（恭喜自己支行职位大满贯，都做过了），客户量虽然不多，但是工作绩效还算蛮高。就算后来领导要拿我开刀，我也正好可以顺坡下驴。去生娃对我现在的工作当然会有影响，可是不会影响到我的职业规划。﻿﻿﻿这些事情，自己必须要防患于未然，打算在前头，不能等着别人的决定来影响我的生活。当我不再害怕损失、不再把这份工作当做救命稻草的时候，它也就吓不到我了。<br><br>最后考虑一个问题：如果我怀上了，会有什么变化？<br><br>我不会像现在一样天天为了业务和业绩焦虑，必须要保持平和心态才能有个健康的宝宝。不能太在意领导的看法，如果无法调整心态有效减压，那么就安心请假待产。不过这种长假一旦请下来，五险一金扣除后工资基本就会所剩无几了，对此我是没有异议的，没有付出就没有收获是理所当然的。<br><br><br>对职业女性，再好一点！<br>有时候真的不得不承认女人在职场中就是处于弱势，天生的体力、意志比不过男人也就罢了，生娃休产假也会被领导挑剔、歧视。因此女人更要学会爱护自己，在生孩子的事情上要注意时机和心态，分清人生各个阶段任务的主次，重要的事情就要重要对待，两全其美多半只是愿望。最根本的还是要强大自己，咱是上班族，也不代表一定要当小肥羊任人宰割。多动动脑子，少让自己经历不必要的痛苦和磨难。<br><br>也就在这段时间备孕的过程中，我又得到了一个好消息，分行有个部门领导要拉我去分行部门任职，我分两次进行了婉拒。这也许是我在银行工作七年又一次比较好的机会，但是既然早已决定跳出这个圈子，那么就要坚定选择，朝着自己想要的方向走下去吧。<br><br>&nbsp; &nbsp; &nbsp; &nbsp; &nbsp; &nbsp; &nbsp; &nbsp; &nbsp; &nbsp; &nbsp; &nbsp; &nbsp; &nbsp; &nbsp; （完）<br></p></div></div>', '45', '二九七月', '56', '441', '摄影', '18', '2017-09-05 16:04:20', '6777', '132', './images/article/18.jpg', null, null);
INSERT INTO `t_article` VALUES ('19', '喂同学，你的未来在哪里？', '<p><!--StartFragment--><!--EndFragment--></p><div><div data-note-content=\"\"><p>-1-<br><br>昨天中午和几个同学到新街口吃肉蟹煲。<br><br>鸡爪、肉蟹、大年糕，吃香喝辣美滋滋。<br><br>吃饭的时候，大家聊天，自然而然谈及未来。毕竟大家都是大三了，这点觉悟都还有。有说有笑间，对这终将到来的日子，充满期待而又心怀不安。<br><br><br><br>-2-<br><br>小Y说，以后肯定不想踏入社会。<br><br>大家问，这怎么可能。<br><br>她说，考研教书，然后在学校呆着啊。<br><br>她的颜值与家庭条件都尚可，喜欢的东西洋气时髦，总是秒杀我等屌丝大众。虽是情商略低，但象牙塔倒也符合她的气质。<br><br>我们笑着点头，说可以可以，厉害厉害。实际上，她也在践行这一目标。下午没课的教室空无一人，总见她一人埋头读书。<br><br>当然，也有可能是在看各式各样的新鲜美剧。<br><br>反正不想踏入社会，小Y如是说。<br><br><br><br>-3-<br><br>我们转头问小X。<br><br>小X在我们口中外号：X老板。是个女生，父母都是政府官员，生活也算无忧。<br><br>她是我们当中最不紧不慢的，工作的问题肯定没得说，安排一定妥当。<br><br>更何况是本地人，有房有钱，有男友。<br><br>说了半天，她总在大家讨论未来的时候少谈自己。我觉得这是一个懂得理解别人感受的女生。<br><br>别人的生活不济，前途迷茫，她不会去跟别人炫耀自己的生活，而是懂得闭嘴，懂得去给别人鼓励。<br><br>有时候，闭嘴是个好习惯，给了不少人以生的希望。<br><br>尽管你是翱翔天空的飞鸟，而我们只是四处碰壁的无头苍蝇。<br><br><br><br>-4-<br><br>小C是个矮胖的男生。<br><br>学习一塌糊涂，每天上课打游戏睡觉，人不坏也没心机。<br><br>他爸爸自己开公司，机械工程类的个体。<br><br>小C说他不喜欢这个专业，所以寒假里他爸让他学习机械制图，这样毕业以后子承父业，倒也不愁前程。<br><br>我问，你不考研？<br><br>他说，考个屁研。<br><br><br><br>-5-<br><br>我们班上还有位同学，总是喜欢结交人脉，人称势力眼。<br><br>对自己有用的人，热情洋溢主动联系，而对于没用的人，一脚踢开冷眼旁观。<br><br>我们不去评价这种行为好还是不好，毕竟选择是他自己做的。好处也很明显，他本来学习就不差，各种资源和奖项也收入囊中，对于个人前途发展来说，无可厚非。<br><br>每次我们谈及这个同学，心里是复杂的。<br><br>有人说他将来一定是我们班上混得最好的同学，可别冷落了他。<br><br>又有人说，那可不一定，老师们也不傻，现在就是利用利用他，这人品太差。<br><br>这个时候，有人突然插话：我看见他暑假就在南京实习了，还是某某老师给介绍的，你说这是不是牛逼？<br><br>大家沉默，点头，哦，牛逼牛逼。<br><br>说这话的人走出去，站在街边掏出香烟使劲抽，大口呼气。我也出去透气。<br><br>秋天的南京，寒风冷雨涌上心头。<br><br>“他妈的，我也想变得牛逼啊。”那人对我说。<br><br>我没说话，点点头，打开简书刷新了一次动态，又刷了一次微信朋友圈和微博。<br><br>然后看着阴沉的天，发呆。<br><br>街对面两块大屏幕上的广告循环播放。鹿晗，吴亦凡，张艺兴等鲜肉偶像在大屏幕上连续不停出现。雨下得再大，屏幕上的偶像依旧是光鲜亮丽，毫无疲倦。<br><br>“他妈的，谁不想变牛逼啊？”我接过了那人的烟。<br><br><br><br>-6-<br><br>那人叫小L，父母是小镇的个体户，做私人纺织厂。<br><br>少年热血，他在小镇里本是呼风唤雨的孩子王。从小学到高中一直是班长，遇到困难就领导大家度过难关。在小L的心中，这个世界上，努力就有出路。考上大学以后，他更坚信这一点。<br><br>但现实并非如理想世界那般美好。<br><br>兼职几个星期挣得钱，还不如很多同学一顿饭的潇洒。对专业不感兴趣，却不迷失了自己的兴趣方向，沉沦在宿舍打游戏缓解压力。对巴结别人的现实感不屑，却暗中羡慕行业大咖们的牛逼生活。<br><br>你一言，我一语，我们谈论着这个时代的好与坏。<br><br>后来我站起来。<br><br>他也站起来，兴奋地问我：“你是不是想到了什么？”<br><br>我说：“不是，就觉得有点冷，进去聊。”<br><br>这年头，能够给你提供温暖的地方不多，商场算一个。可惜它提供给你温暖，是为了鼓励你消费，鼓励你把血汗钱抛给资本家们阔绰的口袋。<br><br>好在，我们也没多少钱可抛。<br><br>光脚不怕穿鞋的。可是，人家穿鞋的又什么时候怕过你光脚的？<br><br><br><br>-7-<br><br>走出商场，大伙告别，各走各路。<br><br>我望着同学们的背影，摸了摸干瘪的钱包，苦笑。<br><br>这时候小C跑到我旁边，问：“哥，你去哪？”<br><br>我说，回学校啊。<br><br>他说，走，一起。<br><br>我问他，你不去跟着大家伙去浪？<br><br>他说，浪个毛线啊，我的副本还没打完呢，你怎么不去浪？<br><br>我说，浪个毛线啊，我的文章还没写完呢。<br><br>小C恍然大悟，一巴掌拍在我背上：“哦哦对，我忘了！哥你还是个大作家呢！你还没说你将来准备干啥呢？”<br><br>噗嗤。<br><br>我被打出一口老血喷出两米~~<br><br>“我啊，我毕业了就去搬砖啊。”<br><br>（完）<br></p></div></div>', '1234', '怀左同学', '789789', '409', '上班这点事儿', '19', '2017-09-21 16:04:24', '8978', '3', './images/article/19.jpg', null, null);

-- ----------------------------
-- Table structure for `t_blacklist`
-- ----------------------------
DROP TABLE IF EXISTS `t_blacklist`;
CREATE TABLE `t_blacklist` (
  `id` int(11) NOT NULL AUTO_INCREMENT COMMENT '唯一标识',
  `user_id` varchar(11) DEFAULT NULL COMMENT '用户id',
  `benned_id` varchar(11) DEFAULT NULL COMMENT '被禁ID',
  PRIMARY KEY (`id`),
  KEY `user_id` (`user_id`)
) ENGINE=InnoDB DEFAULT CHARSET=utf8 COMMENT='黑名单表';

-- ----------------------------
-- Records of t_blacklist
-- ----------------------------

-- ----------------------------
-- Table structure for `t_classify`
-- ----------------------------
DROP TABLE IF EXISTS `t_classify`;
CREATE TABLE `t_classify` (
  `id` int(11) NOT NULL AUTO_INCREMENT,
  `classify_name` varchar(255) COLLATE utf8_bin DEFAULT NULL,
  `classify_info` varchar(255) COLLATE utf8_bin DEFAULT NULL,
  `classify_admin` varchar(255) COLLATE utf8_bin DEFAULT NULL,
  `is_send` varchar(1) COLLATE utf8_bin DEFAULT NULL COMMENT '是否需要',
  `classify_img` varchar(255) COLLATE utf8_bin DEFAULT NULL COMMENT '分类图片',
  `send_check` varchar(255) COLLATE utf8_bin DEFAULT NULL COMMENT '是否需要审查',
  `article_num` int(11) DEFAULT NULL COMMENT '文章字数',
  `follow` int(11) DEFAULT NULL,
  `is_city` int(255) DEFAULT NULL COMMENT '是否城市专题',
  PRIMARY KEY (`id`)
) ENGINE=InnoDB AUTO_INCREMENT=20 DEFAULT CHARSET=utf8 COLLATE=utf8_bin;

-- ----------------------------
-- Records of t_classify
-- ----------------------------
INSERT INTO `t_classify` VALUES ('1', '连载小说', '本专题收录的作品类型：各种类别的小说、有特定主题的专栏文章。 投稿指...', '101', null, './images/classify/1.jpg', null, '9032', '1014', null);
INSERT INTO `t_classify` VALUES ('2', '城市故事', '世界上有那么多的城镇，城镇中有那么多的酒馆，她却偏偏走进了我的酒馆。 ...', '101', null, './images/classify/2jpg', null, '3234', '1695', null);
INSERT INTO `t_classify` VALUES ('3', '谈写作', '本专题主要收录写作者关于文学写作及其他写作的思考。 投稿须知详情...', '101', null, './images/classify/3.jpg', null, '31204', '13738', null);
INSERT INTO `t_classify` VALUES ('4', '微小说', '本专题收录各种类型微型小说，内容须言之有物，结构完整。 投稿指南：...', null, null, './images/classify/4.jpg', null, '16845', '1263', null);
INSERT INTO `t_classify` VALUES ('5', '世间事', '「世间事」是一个专门收录故事的专题。 故事包括但不限于：身边故事...', null, null, './images/classify/5.jpg', null, '121996', '4347', null);
INSERT INTO `t_classify` VALUES ('6', '乡土故事', '投稿须知： 1.本专题收录各种类型乡土故事，内容须真情实感，言之有...', null, null, './images/classify/6.jpg', null, '7574', '8512', null);
INSERT INTO `t_classify` VALUES ('7', '散文', '一缕墨香伴清茶。 散文专题投稿须知： 1.字数适量。散文虽形式...', null, null, './images/classify/7.jpg', null, '25677', '9927', null);
INSERT INTO `t_classify` VALUES ('8', '行业故事汇', '金融、互联、快消、广告、教育、媒体、物流、销售......这里有只有行...', null, null, './images/classify/8.jpg', null, '1740', '428', null);
INSERT INTO `t_classify` VALUES ('9', '旅行·在路上', '邂逅一座城池，讲述一段故事。 投稿须知： 1.既为旅行，必有拍图，...', null, null, './images/classify/9.jpg', null, '49207', '7466', null);
INSERT INTO `t_classify` VALUES ('10', '成长励志', '成长励志投稿须知： 1.本专题收录有关成长，蜕变，励志，追梦等文章，...', null, null, './images/classify/10.jpg', null, '33462', '9878', null);
INSERT INTO `t_classify` VALUES ('11', '大学生活', '本专题收录大学相关文章。要求文内不得带有公众号信息等推广内容。 详细规...', null, null, './images/classify/11.jpg', null, '8321', '810', null);
INSERT INTO `t_classify` VALUES ('12', '哲思', '投稿须知: 1、字数不限，收入以哲学思辨（中西方哲学观点和作者本人的...', null, null, './images/classify/12.jpg', null, '1473', '1574', null);
INSERT INTO `t_classify` VALUES ('13', '谈谈情，说说爱', '柏拉图说每个恋爱中的人都是诗人，这里并不要求你一定要写得诗情画意，态度...', null, null, './images/classify/13.jpg', null, '108444', '7446', null);
INSERT INTO `t_classify` VALUES ('14', '漫画手绘', '手绘、漫画爱好者分享交流学习的地方 (≧∇≦)ﾉ ，无论高手还是菜鸟都...', null, null, './images/classify/14.jpg', null, '84522', '13456', null);
INSERT INTO `t_classify` VALUES ('15', '书法', '你好。 见字如面。 这里是简书书法专题。 欢迎每日打卡，我们一起...', null, null, './images/classify/15.jpg', null, '1639', '2245', null);
INSERT INTO `t_classify` VALUES ('16', '美食', '美食不可辜负。看美食没有配图不幸福啊！请投稿的亲们配图啊！ 详细...', null, null, './images/classify/16.jpg', null, '4678', '6450', null);
INSERT INTO `t_classify` VALUES ('17', '社会热点', '有思想、有深度、有分享、有见解的热点交流平台，在这里你能寻找到全球最快...', null, null, './images/classify/17.jpg', null, '137', '7866', null);
INSERT INTO `t_classify` VALUES ('18', '摄影', '生活本无趣   光影挽留年 用图片 说故事 记录生活 记录美好...', null, null, './images/classify/18.jpg', null, '77788', '781', null);
INSERT INTO `t_classify` VALUES ('19', '上班这点事儿', '本专题仅收录求职、简历、换工作、职业规划、招聘、职场干货、上班感悟、管...', null, null, './images/classify/19.jpg', null, '41110', '135', null);

-- ----------------------------
-- Table structure for `t_collection`
-- ----------------------------
DROP TABLE IF EXISTS `t_collection`;
CREATE TABLE `t_collection` (
  `id` int(11) NOT NULL AUTO_INCREMENT COMMENT '编号',
  `user_id` varchar(11) DEFAULT NULL COMMENT '用户id',
  `article_id` varchar(11) DEFAULT NULL COMMENT '文章id',
  `collection_time` datetime NOT NULL,
  PRIMARY KEY (`id`),
  KEY `user_id` (`user_id`),
  KEY `article_id` (`article_id`)
) ENGINE=InnoDB AUTO_INCREMENT=7 DEFAULT CHARSET=utf8 COMMENT='收藏表';

-- ----------------------------
-- Records of t_collection
-- ----------------------------
INSERT INTO `t_collection` VALUES ('1', '怀左同学', '1', '2017-10-07 15:34:27');
INSERT INTO `t_collection` VALUES ('2', '怀左同学', '2', '2017-09-15 15:34:52');
INSERT INTO `t_collection` VALUES ('3', '怀左同学', '3', '2017-08-17 15:35:01');
INSERT INTO `t_collection` VALUES ('4', 'admin', '1', '2017-10-08 15:35:23');
INSERT INTO `t_collection` VALUES ('5', 'admin', '2', '2017-09-30 15:35:32');
INSERT INTO `t_collection` VALUES ('6', 'admin', '3', '2017-08-07 15:35:40');

-- ----------------------------
-- Table structure for `t_commentary_fir`
-- ----------------------------
DROP TABLE IF EXISTS `t_commentary_fir`;
CREATE TABLE `t_commentary_fir` (
  `id` int(11) NOT NULL AUTO_INCREMENT COMMENT '评论id',
  `reviewer_id` varchar(11) DEFAULT NULL COMMENT '评论者',
  `comment_cont` varchar(255) DEFAULT NULL COMMENT '评论内容',
  `review_time` datetime DEFAULT NULL COMMENT '评论时间',
  `favor` varchar(11) DEFAULT NULL COMMENT '赞赏评论',
  `be_reviewer_id` varchar(11) DEFAULT NULL,
  `reviewer_name` varchar(11) DEFAULT NULL,
  `be_reviewer_name` varchar(11) DEFAULT NULL,
  `article_id` int(11) DEFAULT NULL COMMENT '被回复文章id',
  PRIMARY KEY (`id`),
  KEY `reviewer_id` (`reviewer_id`)
) ENGINE=InnoDB DEFAULT CHARSET=utf8 COMMENT='评论管理表';

-- ----------------------------
-- Records of t_commentary_fir
-- ----------------------------

-- ----------------------------
-- Table structure for `t_commentary_sec`
-- ----------------------------
DROP TABLE IF EXISTS `t_commentary_sec`;
CREATE TABLE `t_commentary_sec` (
  `id` int(11) NOT NULL AUTO_INCREMENT COMMENT '评论ID',
  `reviewer_name` varchar(11) DEFAULT NULL COMMENT '评论人',
  `be_reviewer_name` varchar(11) DEFAULT NULL COMMENT '被评论人',
  `comment_cont` varchar(255) DEFAULT NULL COMMENT '评论内容',
  `review_time` datetime DEFAULT NULL COMMENT '评论时间',
  `reviewer_id` varchar(11) DEFAULT NULL,
  `be_reviewer_id` varchar(11) DEFAULT NULL,
  PRIMARY KEY (`id`),
  KEY `reviewer_id` (`reviewer_id`)
) ENGINE=InnoDB DEFAULT CHARSET=utf8 COMMENT='评论表2';

-- ----------------------------
-- Records of t_commentary_sec
-- ----------------------------

-- ----------------------------
-- Table structure for `t_favor`
-- ----------------------------
DROP TABLE IF EXISTS `t_favor`;
CREATE TABLE `t_favor` (
  `id` int(11) NOT NULL AUTO_INCREMENT,
  `user_id` varchar(11) COLLATE utf8_bin DEFAULT NULL,
  `classify_id` int(11) DEFAULT NULL,
  `article_id` int(11) DEFAULT NULL,
  `create_time` datetime DEFAULT NULL,
  PRIMARY KEY (`id`)
) ENGINE=InnoDB AUTO_INCREMENT=3 DEFAULT CHARSET=utf8 COLLATE=utf8_bin;

-- ----------------------------
-- Records of t_favor
-- ----------------------------
INSERT INTO `t_favor` VALUES ('1', '怀左同学', '1', '1', '2017-10-17 15:37:42');
INSERT INTO `t_favor` VALUES ('2', '怀左同学', '2', '2', '2017-09-09 15:37:55');

-- ----------------------------
-- Table structure for `t_message`
-- ----------------------------
DROP TABLE IF EXISTS `t_message`;
CREATE TABLE `t_message` (
  `id` int(11) NOT NULL AUTO_INCREMENT COMMENT '消息id',
  `type` varchar(11) DEFAULT NULL COMMENT '消息类型',
  `mes_content` varchar(255) DEFAULT NULL COMMENT '消息文本',
  `send_id` varchar(11) DEFAULT NULL,
  `recive_id` varchar(11) DEFAULT NULL,
  `readed` varchar(1) DEFAULT NULL,
  PRIMARY KEY (`id`),
  KEY `reviewer_id` (`send_id`)
) ENGINE=InnoDB DEFAULT CHARSET=utf8 COMMENT='消息表';

-- ----------------------------
-- Records of t_message
-- ----------------------------

-- ----------------------------
-- Table structure for `t_permission`
-- ----------------------------
DROP TABLE IF EXISTS `t_permission`;
CREATE TABLE `t_permission` (
  `id` int(11) NOT NULL AUTO_INCREMENT,
  `permissionname` varchar(255) COLLATE utf8_bin DEFAULT NULL,
  `permissionurl` varchar(255) COLLATE utf8_bin DEFAULT NULL,
  `role_id` int(11) NOT NULL,
  PRIMARY KEY (`id`)
) ENGINE=InnoDB DEFAULT CHARSET=utf8 COLLATE=utf8_bin;

-- ----------------------------
-- Records of t_permission
-- ----------------------------

-- ----------------------------
-- Table structure for `t_rec`
-- ----------------------------
DROP TABLE IF EXISTS `t_rec`;
CREATE TABLE `t_rec` (
  `id` int(11) NOT NULL AUTO_INCREMENT,
  `article_id` int(11) DEFAULT NULL,
  PRIMARY KEY (`id`)
) ENGINE=InnoDB DEFAULT CHARSET=utf8 COLLATE=utf8_bin;

-- ----------------------------
-- Records of t_rec
-- ----------------------------

-- ----------------------------
-- Table structure for `t_relationship`
-- ----------------------------
DROP TABLE IF EXISTS `t_relationship`;
CREATE TABLE `t_relationship` (
  `id` int(11) NOT NULL AUTO_INCREMENT COMMENT '关系编号',
  `user_id` int(11) DEFAULT NULL COMMENT '关注人id',
  `friend_id` int(11) DEFAULT NULL COMMENT '被关注人id',
  PRIMARY KEY (`id`),
  KEY `user_id` (`user_id`)
) ENGINE=InnoDB DEFAULT CHARSET=utf8 COMMENT='关系表';

-- ----------------------------
-- Records of t_relationship
-- ----------------------------

-- ----------------------------
-- Table structure for `t_role`
-- ----------------------------
DROP TABLE IF EXISTS `t_role`;
CREATE TABLE `t_role` (
  `id` int(11) NOT NULL AUTO_INCREMENT,
  `rolename` varchar(255) COLLATE utf8_bin DEFAULT NULL,
  PRIMARY KEY (`id`)
) ENGINE=InnoDB DEFAULT CHARSET=utf8 COLLATE=utf8_bin;

-- ----------------------------
-- Records of t_role
-- ----------------------------

-- ----------------------------
-- Table structure for `t_search`
-- ----------------------------
DROP TABLE IF EXISTS `t_search`;
CREATE TABLE `t_search` (
  `id` int(11) NOT NULL AUTO_INCREMENT,
  `search_name` varchar(255) DEFAULT NULL COMMENT '搜索文本',
  `click` int(11) DEFAULT NULL,
  PRIMARY KEY (`id`)
) ENGINE=InnoDB DEFAULT CHARSET=utf8;

-- ----------------------------
-- Records of t_search
-- ----------------------------

-- ----------------------------
-- Table structure for `t_user`
-- ----------------------------
DROP TABLE IF EXISTS `t_user`;
CREATE TABLE `t_user` (
  `user_id` varchar(11) NOT NULL DEFAULT '' COMMENT '用户名',
  `password` varchar(18) DEFAULT NULL COMMENT '密码',
  `nickname` varchar(11) DEFAULT NULL COMMENT '昵称',
  `sex` varchar(2) DEFAULT NULL COMMENT '性别',
  `info` varchar(255) DEFAULT NULL COMMENT '个人简介',
  `personal_website` varchar(255) DEFAULT NULL COMMENT '个人网站',
  `phone` varchar(11) DEFAULT NULL COMMENT '电话',
  `email` varchar(20) DEFAULT NULL COMMENT '电子邮件',
  `favor` int(11) DEFAULT NULL COMMENT '收获喜欢数',
  `birthday` datetime DEFAULT NULL COMMENT '生日日期',
  `wechat` varchar(20) DEFAULT NULL COMMENT '微信账号',
  `QQ` int(11) DEFAULT NULL COMMENT 'QQ账号',
  `avatar` varchar(255) DEFAULT NULL COMMENT '头像',
  `is_rec` int(1) DEFAULT NULL,
  `rec_type` int(1) DEFAULT NULL,
  `language_type` int(11) DEFAULT NULL,
  `role_id` int(11) NOT NULL,
  PRIMARY KEY (`user_id`)
) ENGINE=InnoDB DEFAULT CHARSET=utf8 COMMENT='用户表';

-- ----------------------------
-- Records of t_user
-- ----------------------------
INSERT INTO `t_user` VALUES ('admin', 'admin', '管理员', '男', '是的撒', null, '51321', '456431', '451', '2017-08-21 09:34:07', null, null, './images/user/1.jpg', null, null, null, '0');
INSERT INTO `t_user` VALUES ('二九七月', '123456', '二九七月', '女', null, null, null, null, null, null, null, null, './images/user/9.jpg', null, null, null, '0');
INSERT INTO `t_user` VALUES ('奇奇漫悦读', '123456', '奇奇漫悦读', '男', null, null, null, null, null, null, null, null, './images/user/2.jpg', null, null, null, '0');
INSERT INTO `t_user` VALUES ('怀左同学', '123456', '怀左同学', '女', '打破你的原则，成为你的例外', '', null, null, null, null, null, null, './images/user/3.jpg', null, null, null, '0');
INSERT INTO `t_user` VALUES ('捕手志', '123456', '捕手志', '男', null, null, null, null, null, null, null, null, './images/user/4.jpg', null, null, null, '0');
INSERT INTO `t_user` VALUES ('沐丞', '123456', '沐丞', '女', null, null, null, null, null, null, null, null, './images/user/5.jpg', null, null, null, '0');
INSERT INTO `t_user` VALUES ('眼镜姑娘_ ', '123456', '眼镜姑娘_ ', '女', null, null, null, null, null, null, null, null, './images/user/6.jpg', null, null, null, '0');
INSERT INTO `t_user` VALUES ('金春妙', '123456', '金春妙', '女', null, null, null, null, null, null, null, null, './images/user/7.jpg', null, null, null, '0');
INSERT INTO `t_user` VALUES ('魏清萍', '123456', '魏清萍', null, null, null, null, null, null, null, null, null, './images/user/8.jpg', null, null, null, '0');
